url,titulo,summary,total_news_sources,leaning_left,leaning_right,center,last_updated,bias_distribution,source_urls
https://ground.news/article/russian-farmers-called-for-the-reduction-of-crops-due-to-the-suspension-of-grain-exports,"Russian farmers, markets sceptical on state measures to rescue grain exports, call to sow less","Farmers and analysts said rerouting, subsidies and duty cuts will not lift prices as a 70% export route remains disrupted, Reuters reported.",3,0,0,2,1 hour ago,100% Center,https://www.reuters.com/business/russian-farmers-markets-sceptical-state-measures-rescue-grain-exports-call-sow-2026-08-27/|https://zn.ua/WORLD/rossijskie-ahrarii-prizvali-sokratit-posevy-iz-za-priostanovki-eksporta-zerna-reuters.html|https://www.devdiscourse.com/article/international/3968785-russian-farmers-markets-sceptical-on-state-measures-to-rescue-grain-exports-call-to-sow-less|https://apps.apple.com/app/apple-store/id1324203419?pt=107503821&ct=unknown&mt=8|https://play.google.com/store/apps/details?id=com.checkitt&referrer=utm_source%3Dunknown
https://ground.news/article/a-representative-of-the-vatican-met-with-putins-assistant-in-moscow,A Representative of the Vatican Met with Putin's Assistant in Moscow,The interview between Paul Richard Hallagher and Yuri Ushakov took place in a Tet-a-tet format during a visit by a Vatican official to Moscow,2,0,0,0,42 minutes ago,No sources with tracked biases.,https://zn.ua/WORLD/predstavitel-vatikana-vstretilsja-s-pomoshchnikom-putina-v-moskve.html|https://misyjne.pl/rosja-szef-watykanskiej-dyplomacji-spotkal-sie-z-doradca-putina/|https://apps.apple.com/app/apple-store/id1324203419?pt=107503821&ct=unknown&mt=8|https://play.google.com/store/apps/details?id=com.checkitt&referrer=utm_source%3Dunknown
https://ground.news/article/from-patron-to-partner-syrias-new-relationship-with-russia_a76ace,"Putin and al-Sharaa discuss Russia-Syria relations, deal on military bases",The leaders said a memorandum would convert the bases into joint training centers while Syria regains control of civilian facilities.,30,3,3,4,6 hours ago,40% Center,https://syrianobserver.com/foreign-actors/presidents-sharaa-and-putin-discuss-bilateral-relations-and-economic-cooperation-in-phone-call.html|https://www.csmonitor.com/World/Middle-East/2026/0826/russia-syria-military-bases-moscow-middle-east|https://www.aljazeera.com/news/2026/8/26/putin-and-al-sharaa-discuss-russia-syria-relations-deal-on-military-bases|https://www.albawaba.com/ar/%D8%A3%D8%AE%D8%A8%D8%A7%D8%B1/%D8%A8%D9%88%D8%AA%D9%8A%D9%86-%D9%8A%D8%AA%D8%AD%D8%AF%D8%AB-%D9%84%D9%84%D8%B4%D8%B1%D8%B9-%D8%B9%D9%86-%D8%A7%D9%84%D8%A7%D8%B9%D8%AA%D8%AF%D8%A7%D8%A1%D8%A7%D8%AA-1635852|https://www.telesurtv.net/rusia-siria-acuerdo-profundizar-cooperacion/|https://shafaq.com/en/Middle-East/Putin-supports-Syria-s-sovereignty-rejects-Israeli-attacks|https://sana.sy/en/presidency/2338649/|https://www.trtworld.com/article/1453ace6f805|https://www.aa.com.tr/en/world/russian-syrian-presidents-discuss-plans-to-reorganize-hmeimim-tartus-military-bases/4037909|https://themedialine.org/mideast-daily-news/putin-and-al-sharaa-redraw-russias-place-in-post-assad-syria/|https://www.noticiasaominuto.com/mundo/3041821/siria-putin-discute-com-homologo-sirio-memorando-sobre-bases-russas-no-pais|https://www.aydinlik.com.tr/haber/putin-ile-sara-telefonda-gorustu-587861|https://www.aksam.com.tr/dunya/kremlin-duyurdu-putin-ile-ahmed-sara-telefonda-gorustu/haber-1693513|https://zambianobserver.com/putin-and-syrian-president-al-sharaa-discuss-russia-syria-relations-military-bases-deal/|https://hnonline.sk/svet/96298937-aky-bude-osud-jedinych-ruskych-vojenskych-zakladni-mimo-byvaleho-zssr-sara-telefonoval-s-putinom|https://www.naftemporiki.gr/kosmos/2153626/epikoinonia-poytin-me-al-saraa-sto-epikentro-i-emvathynsi-toy-politikoy-dialogoy/|https://www.haberturk.com/dunya/rus-lider-putin-ve-suriye-lideri-sara-telefonda-gorustu-3908227|https://www.aktuality.sk/clanok/itiz3ov/syrsky-prezident-ahmad-sara-telefonoval-s-vladimirom-putinom-hovorili-o-posilneni-vztahov/|https://www.seznamzpravy.cz/clanek/zahranicni-prezidenti-putin-a-sara-po-telefonu-mluvili-o-ruskych-zakladnach-v-syrii-313987|https://www.gazetepencere.com/dis-haber/vladimir-putin-ve-ahmed-sara-telefonda-gorustu-rusyadan-israile-tepki-713302h|https://apps.apple.com/app/apple-store/id1324203419?pt=107503821&ct=unknown&mt=8|https://play.google.com/store/apps/details?id=com.checkitt&referrer=utm_source%3Dunknown
https://ground.news/article/moscow-voters-will-consider-school-facilities-levy-this-fall,Moscow Voters Will Consider School Facilities Levy This Fall,"MOSCOW — Moscow patrons will have the long-awaited chance to overhaul their schools this fall after trustees put a seven-year, $9.37 million per year plant facility levy on the November ballot Wednesday night. The vote followed decades of complaints over the nearly 90-year-old high school, years of discussion over how to update facilities, months of planning by a facility committee, and weeks of presentations to the school board. If the levy, to…",2,0,0,0,13 minutes ago,No sources with tracked biases.,https://www.dailyfly.com/2026/08/27/moscow-voters-will-consider-school-facilities-levy-this-fall/|https://www.idahoednews.org/news/moscow-to-attempt-novel-approach-to-overhaul-its-aging-schools/|https://apps.apple.com/app/apple-store/id1324203419?pt=107503821&ct=unknown&mt=8|https://play.google.com/store/apps/details?id=com.checkitt&referrer=utm_source%3Dunknown
https://ground.news/article/russians-damaged-warehouse-of-kolo-network-owned-by-varus-company-statement,Russia Repeated the Composition of the Set “Circle”,"Due to the shelling, a large-scale fire broke out. As a result of the Russian attack on August 27, the Kolo network warehouse in the Kyiv region was damaged. It is currently part of Varus. This was reported by RBC-Ukraine with reference to a statement by the press service of the Varus supermarket chain on Facebook.
The “Circle” composition is damaged
Varus noted that the main thing is that none of the employees were injured during the shelling. …",2,1,0,0,16 minutes ago,100% Left,https://www.rbc.ua/ukr/news/rosiya-poshkodila-sklad-merezhi-kolo-shcho-1787843249.html|https://glavcom.ua/kyiv/news/rosijani-poshkodili-sklad-merezhi-kolo-shcho-nalezhit-kompaniji-varus-zajava-kompaniji-1139246.html|https://apps.apple.com/app/apple-store/id1324203419?pt=107503821&ct=unknown&mt=8|https://play.google.com/store/apps/details?id=com.checkitt&referrer=utm_source%3Dunknown
https://ground.news/article/careerthe-camerton-awards-were-made-by-the-poltkovskaya-the-bel-the-verstka-and-the-bg-the-special-prize-was-given-by-john-cole-an-a,Prize Named for Murdered Russian Journalist Anna Politkovskaya Honors a Trump Envoy with a Special Award for Talks that Freed Almost 500 Political Prisoners in Belarus,"In Moscow, the 14th award ceremony of the ""Camerton Award"" by Anna Politkovskaya. The Laureate in the nomination ""For Reference Accuracy in the Age of Shock"" was held online by The Bell. The winner of the ""For Texts That Will Be a History"" category was ""Wristk"". Boris Grebenskov, a musician and founder of the Aquarium group, was awarded the ""Camerton"" award. A special prize, a certon with the inscription ""For Saving Lives"", was awarded by Presid…",3,1,0,0,12 minutes ago,100% Left,https://meduza.io/en/news/2026/08/27/prize-named-for-murdered-russian-journalist-anna-politkovskaya-honors-a-trump-envoy-with-a-special-award-for-talks-that-freed-almost-500-political-prisoners-in-belarus|https://novayagazeta.eu/articles/2026/08/27/izdaniia-the-bell-i-verstka-stali-laureatami-premii-kamerton-imeni-anny-politkovskoi-news|https://novayagazeta.ru/articles/2026/08/27/laureatami-premii-kamerton-imeni-politkovskoi-stali-the-bell-verstka-i-bg-spetspriz-poluchil-amerikanets-dzhon-koul-vytashchivshii-pochti-500-politzekov-iz-belorusskikh-tiurem-news|https://apps.apple.com/app/apple-store/id1324203419?pt=107503821&ct=unknown&mt=8|https://play.google.com/store/apps/details?id=com.checkitt&referrer=utm_source%3Dunknown
https://ground.news/article/eu-sees-no-sign-russia-planning-attack-on-nato-countries,EU sees no sign Russia planning attack on NATO countries,"European intelligence services have no clues about Russia's military attack on NATO member European countries, a high-ranking European official said on Thursday.",12,0,3,3,13 minutes ago,"50% Center, 50% Right",https://www.digi24.ro/stiri/externe/serviciile-europene-nu-au-niciun-indiciu-ca-rusia-pregateste-un-atac-impotriva-nato-inalt-oficial-european-3924671|https://www.straitstimes.com/world/europe/no-signs-russia-prepping-military-attack-on-nato-countries-says-eu-official|https://www.welt.de/politik/ausland/video6a903b5a518a586e1855a51a/angriffe-auf-nato-staaten-ich-glaube-putin-geht-einen-ganz-anderen-weg-und-der-scheint-zunehmend-erfolgreich-zu-sein.html|https://www.ansa.it/sito/notizie/topnews/2026/08/27/fonti-ue-non-ravvisiamo-il-rischio-immediato-di-un-attacco-di-mosca-ai-27_06dedea6-4ba6-40ed-9a78-8296b778332f.html|https://www.lrt.lt/naujienos/pasaulyje/6/3034398/es-pareigune-nera-jokiu-zenklu-kad-rusija-rengtusi-uzpulti-nato-salis|https://www.dailysabah.com/world/europe/eu-sees-no-sign-russia-planning-attack-on-nato-countries|https://www.noticiasaominuto.com/mundo/3042481/servicos-europeus-nao-tem-indicios-de-eventual-ataque-russo-contra-nato|https://hnonline.sk/svet/96299166-rusko-neplanuje-zautocit-na-krajiny-nato-nevidime-ziadne-naznaky-tvrdi-predstavitelka-eu|https://stirileprotv.ro/stiri/international/oficial-european-serviciile-din-europa-nu-au-niciun-indiciu-privind-pregatirea-unui-atac-rusesc-asupra-nato.html|https://www.vz.lt/verslo-aplinka/2026/08/27/es-pareigune-nera-jokiu-zenklu-kad-rusija-rengtusi-kariniam-puolimui-pries-nato-salis-589280|https://tvrain.tv/news/es-ne-vidit-riska-napadenija-rossii-na-evropejskie-strany-575324/|https://www.lessentiel.lu/fr/story/guerre-la-russie-pense-t-elle-a-une-attaque-contre-un-pays-de-l-otan-103623564|https://apps.apple.com/app/apple-store/id1324203419?pt=107503821&ct=unknown&mt=8|https://play.google.com/store/apps/details?id=com.checkitt&referrer=utm_source%3Dunknown
https://ground.news/article/at-least-in-seven-regions-newspapers-refused-to-publish-the-apple-programme-calling-for-peace,"At Least in Seven Regions, Newspapers Refused to Publish the Apple Programme Calling for Peace","The candidates for the ""Apple"" in the seven regions of Perm and Stavropol Provinces, Kaliningrad, Kemerovsky, Chelyabinsk, Ulyanovski and Yakutia have already been denied, reporting to the party's press service... the rain network: news, video, air, online, archive, programme.",2,0,0,0,2 hours ago,No sources with tracked biases.,https://novayagazeta.eu/articles/2026/08/27/minimum-v-semi-regionakh-gazety-otkazalis-publikovat-programmu-iabloka-s-prizyvom-k-miru-news|https://tvrain.tv/news/gazety-v-regionah-otkazyvajutsja-publikovat-programmu-jabloka-iz-za-slov-mir-i-prekraschenie-ognja-575318/|https://apps.apple.com/app/apple-store/id1324203419?pt=107503821&ct=unknown&mt=8|https://play.google.com/store/apps/details?id=com.checkitt&referrer=utm_source%3Dunknown
https://ground.news/article/eastern-flank-commissioners-urge-von-der-leyen-action-over-russia,Eastern Flank Commissioners urge von der Leyen action over Russia,"Five EU Commissioners from Eastern Flank states have urged President Ursula von der Leyen to create a special coordinator role, amid several urgent measures meant to address the growing Russian threats to the Baltics.",2,0,0,1,2 hours ago,100% Center,https://www.euronews.com/my-europe/2026/08/27/eastern-flank-commissioners-urge-von-der-leyen-to-appoint-special-coordinator-as-russian-t|https://wtxnews.com/eastern-flank-commissioners-urge-eu-to-enhance-security-against-russia/|https://apps.apple.com/app/apple-store/id1324203419?pt=107503821&ct=unknown&mt=8|https://play.google.com/store/apps/details?id=com.checkitt&referrer=utm_source%3Dunknown
https://ground.news/article/lukashenko-leaves-for-russia-meeting-with-putin-scheduled,Lukashenko Arrives in Russia for Talks With Putin,"The leaders are expected to discuss bilateral cooperation, regional security, and international issues during the diplomatic visit.",6,2,0,0,14 minutes ago,100% Left,https://www.kyivpost.com/post/83237|https://censor.net/en/news/4020541/lukashenko-travels-to-russia-for-talks-with-putin|https://nv.ua/ukr/world/countries/lukashenko-u-rosiji-peregovori-z-putinim-i-mishustinim-shchodo-spivpraci-50636311.html|https://zn.ua/POLITICS/lukashenko-otpravilsja-v-rossiju-na-perehovory-s-putinym.html|https://novayagazeta.eu/articles/2026/08/27/lukashenko-napravilsia-v-rossiiu-na-vstrechu-s-putinym-news|https://espreso.tv/viyna-z-rosiyeyu-lukashenko-virushiv-do-rosii-na-peregovori-z-putinim|https://apps.apple.com/app/apple-store/id1324203419?pt=107503821&ct=unknown&mt=8|https://play.google.com/store/apps/details?id=com.checkitt&referrer=utm_source%3Dunknown
https://ground.news/article/the-kremlin-responded-to-the-rumors-about-the-cia-directors-trip-to-moscow,"CIA Moscow Trip Was About Iran, Not the Baltics, Ilves Tells Euronews","This article was first published on Cedarnews.net. For more news and exclusive reports, visit our website. CIA Moscow trip was about Iran, not the Baltics, Ilves tells Euronews. The initial report was published by Euronews.com at 3:04 PM GMT+0200. Additional. This news was published on the Cedarnews news website. For more breaking news and exclusive reports, visit our official website.",2,0,0,1,3 hours ago,100% Center,https://cedarnews.net/newstasks/951527/cia-moscow-trip-iran-not-baltics-ilves/|https://24.hu/kulfold/2026/08/27/john-ratcliffe-moszkva-cia-kreml/|https://apps.apple.com/app/apple-store/id1324203419?pt=107503821&ct=unknown&mt=8|https://play.google.com/store/apps/details?id=com.checkitt&referrer=utm_source%3Dunknown
https://ground.news/article/successive-moves-from-moscow-the-russian-army-has-captured-another-settlement-in-zaporizhzhia_36e34d,Successive Moves From Moscow: The Russian Army Has Captured Another Settlement in Zaporizhzhia.,The Russian Defense Ministry announced that they had captured the Shevchenkovskoye settlement in the Zaporizhzhia region.,2,0,0,0,4 hours ago,No sources with tracked biases.,https://www.aksam.com.tr/dunya/moskovadan-pes-pese-hamle-rus-ordusu-zaporijyada-bir-yerlesimi-daha-ele-gecirdi/haber-1693950|https://www.haberler.com/guncel/rusya-zaporijya-bolgesindeki-sevcenkovskoye-20182415-haberi/|https://apps.apple.com/app/apple-store/id1324203419?pt=107503821&ct=unknown&mt=8|https://play.google.com/store/apps/details?id=com.checkitt&referrer=utm_source%3Dunknown
https://ground.news/article/inec-website-hacked-panic-as-casino-ads-russian-text-reportedly-spill-onto-inec-portal,Casino Pages Found on INEC Website Raise Concerns over Access to Election Body’s Digital Infrastructure,"Archived links reviewed by PREMIUM TIMES confirmed that the pages were published under the Commission’s domain.
The post Casino pages found on INEC website raise concerns over access to election body’s digital infrastructure appeared first on Premium Times Nigeria.",2,1,0,0,39 minutes ago,100% Left,https://www.premiumtimesng.com/news/top-news/905806-casino-pages-found-on-inec-website-raise-concerns-over-access-to-election-bodys-digital-infrastructure.html|https://ejesgist.com/inec-website-hacked-security-scrutiny-unauthorized-gambling-content/|https://apps.apple.com/app/apple-store/id1324203419?pt=107503821&ct=unknown&mt=8|https://play.google.com/store/apps/details?id=com.checkitt&referrer=utm_source%3Dunknown
https://ground.news/article/russia-bound-turkish-ship-hit-by-drones-media-the-press-united,"Turkish Cargo Ferry Hit by Drone Attack in Black Sea, Five Injured","A Turkish cargo ferry sailing under the flag of Cameroon came under drone attack in the Black Sea while en route to the Russian port of Tuapse, according to Erkut Celebi, president of the Trabzon Chamber of Commerce and Industry (TTSO), Haber Trabzon reported. Celebi said the incident occurred on August 26. The cargo ferry, Lider Bordo Mavi, owned by a Turkish company, departed the port of Samsun, Turkey, headed for Tuapse, Russia. While crossin…",2,1,0,0,2 hours ago,100% Left,http://www.uawire.org/turkish-cargo-ferry-hit-by-drone-attack-in-black-sea-five-injured|https://thepressunited.com/updates/russia-bound-turkish-ship-hit-by-drones-media/|https://apps.apple.com/app/apple-store/id1324203419?pt=107503821&ct=unknown&mt=8|https://play.google.com/store/apps/details?id=com.checkitt&referrer=utm_source%3Dunknown
https://ground.news/article/apple-has-blocked-a-pirated-method-of-installing-applications-in-the-russian-federation_a5e51a,Apple Has Blocked a Pirated Method of Installing Applications in the Russian Federation,"Apple has restricted the ability to install applications removed from the Russian App Store on iPhone and iPad. Previously, third-party services and archive files were used for this purpose.",2,0,1,0,3 hours ago,100% Right,https://korrespondent.net/business/companies/4906687-Apple-zablokyrovala-pyratskyi-sposob-ustanovky-prylozhenyi-v-rf|https://www.mixvale.com.br/2026/08/27/apple-limita-acesso-a-aplicativos-de-bancos-e-empresas-russas-em-iphones-para-usuarios/|https://apps.apple.com/app/apple-store/id1324203419?pt=107503821&ct=unknown&mt=8|https://play.google.com/store/apps/details?id=com.checkitt&referrer=utm_source%3Dunknown
https://ground.news/article/the-journalist-important-history-worked-for-vojvoda-a-company-that-recruited-contractors-into-the-russian-army-where-he-learned-that-succes,"The Journalist, Important History, Worked for Vojvodá, a Company that Recruited Contractors Into the Russian Army, Where He Learned that Successful Recruiters Received Millions of Rubles.","This is one of the major companies in the private recruitment market, which flourished after Russia began introducing payments for recruiting people into the army. The Voivodes' business is similar to network marketing, and its recruiters (they are called recruiters) can earn millions of rubles in successful jobs. The Medusa recites the main part of the investigation into the important stories.",2,1,0,0,21 minutes ago,100% Left,https://meduza.io/feature/2026/08/27/zhurnalist-vazhnyh-istoriy-porabotal-v-kompanii-voevoda-kotoraya-nabiraet-kontraktnikov-v-rossiyskuyu-armiyu|https://novayagazeta.eu/articles/2026/08/27/zhurnalist-vazhnykh-istorii-ustroilsia-rekruterom-v-kompaniiu-kotoraia-nabiraet-kontraktnikov-na-voinu-news|https://apps.apple.com/app/apple-store/id1324203419?pt=107503821&ct=unknown&mt=8|https://play.google.com/store/apps/details?id=com.checkitt&referrer=utm_source%3Dunknown
https://ground.news/article/russia-refuses-to-hand-over-assad-for-humanitarian-reasons_dcac57,Russia Refuses to Hand over Assad for Humanitarian Reasons.,"The Russian Foreign Ministry stated that the decision to receive former Syrian President Bashar al-Assad and his family in Russia was purely humanitarian, denying any political motives behind the move. Moscow refuses to hand Assad over to the Syrian authorities, citing humanitarian considerations related to the circumstances surrounding the fall of the previous regime. Russian Foreign Ministry spokeswoman Maria Zakharova said during a press conf…",2,0,1,0,2 hours ago,100% Right,https://www.albawaba.com/ar/%D8%A3%D8%AE%D8%A8%D8%A7%D8%B1/%D8%B1%D9%88%D8%B3%D9%8A%D8%A7-%D8%AA%D8%B1%D9%81%D8%B6-%D8%AA%D8%B3%D9%84%D9%8A%D9%85-%D8%A7%D9%84%D8%A7%D8%B3%D8%AF-%D9%84%D8%AF%D9%88%D8%A7%D9%81%D8%B9-%D8%A5%D9%86%D8%B3%D8%A7%D9%86%D9%8A%D8%A9-1635918|https://www.noticiasaominuto.com/mundo/3042437/siria-russia-da-asilo-a-assad-por-razoes-humanitarias-e-porque-corria-risco-de-morrer|https://apps.apple.com/app/apple-store/id1324203419?pt=107503821&ct=unknown&mt=8|https://play.google.com/store/apps/details?id=com.checkitt&referrer=utm_source%3Dunknown
https://ground.news/article/fire-at-russias-amur-gas-chemical-complex-one-of-the-worlds-largest-chemical-plants-kills-15,A Fire at a Gas and Chemical Plant in Russia’s Far East Has Killed 15 – WTOP News,Authorities opened a criminal case over industrial safety violations after the blaze killed 15 workers and injured 152 at the plant site.,17,8,1,2,26 minutes ago,73% Left,https://wtop.com/national/2026/08/a-fire-at-a-gas-and-chemical-plant-in-russias-far-east-has-killed-15/|https://www.thestar.com/news/world/europe/a-fire-at-a-gas-and-chemical-plant-in-russias-far-east-has-killed-15/article_7c346733-9fe7-5338-a72c-6beec81033ef.html|https://apnews.com/article/russia-fire-amur-gas-chemical-complex-62191188c5aeb3596441d5a78eca0558|https://meduza.io/en/news/2026/08/27/fire-at-russia-s-amur-gas-chemical-complex-one-of-the-world-s-largest-chemical-plants-kills-15|https://www.uawire.org:443/death-toll-rises-to-15-after-explosion-and-fire-at-amur-gas-chemical-complex-in-russia|https://korrespondent.net/world/russia/4906645-vzryv-na-zavode-v-rossyy-pohybly-15-chelovek|https://www.independent.co.uk/news/russia-far-east-chinese-amur-china-b3040585.html|https://www.thespec.com/business/a-fire-at-a-gas-and-chemical-plant-in-russias-far-east-has-killed-15/article_c24d6017-9a19-59e3-a001-73e8480f4df8.html|https://www.the-independent.com/news/russia-far-east-chinese-amur-china-b3040585.html|https://www.ottumwacourier.com/news/national_news/a-fire-at-a-gas-and-chemical-plant-in-russias-far-east-has-killed-15/article_02879f62-8c13-59e2-ba26-300f11560bed.html|https://www.noticiasaominuto.com/mundo/3042262/numero-de-mortos-ascende-a-15-em-incendio-industrial-no-leste-da-russia|https://index.hu/kulfold/2026/08/27/oroszorszag-gazkemiai-komplexum-tuz-aldozatok-moszkva-korhaz/|https://www.denik.cz/evropa/pozar-v-ruske-chemicce-si-vyzadal-nejmene-15-obeti/|https://www.currenttime.tv/a/chp-na-stroyke-uzhe-byli-chto-zhiteli-govoryat-o-vzryve-na-amurskom-gazohimicheskom-komplekse-v-vostochnoy-sibiri-gde-pogibli-15-chelovek/33841055.html|https://www.negocios.com/articulo/actualidad/caos-amur-incendio-sacude-megacomplejo-ruso-chino-10000-millones-deja-15-muertos/20260827181943492832.html|https://novayagazeta.ru/articles/2026/08/27/iz-15-pogibshikh-pri-pozhare-na-stroiashchemsia-amurskom-gazokhimicheskom-komplekse-14-inostrantsy-news|https://apps.apple.com/app/apple-store/id1324203419?pt=107503821&ct=unknown&mt=8|https://play.google.com/store/apps/details?id=com.checkitt&referrer=utm_source%3Dunknown
https://ground.news/article/double-russian-escalation-shouldered-to-kiev-and-threats-to-london-and-paris-by-g-belardelli,"Daily Memo: Russian Threats, Israeli Elections","Moscow exalts the progress of the offensives of land and air against the Ukrainians. It raises the level of intimidation against those who support them: United Kingdom and France ""play with fire."" It warns the EU countries that is ready ""all means"" against the confiscation of Russian assets. Just as the US presents plans of military disengagement in Europe",2,1,0,1,50 minutes ago,"50% Left, 50% Center",https://geopoliticalfutures.com/daily-memo-russian-threats-israeli-elections/|https://www.huffingtonpost.it/esteri/2026/08/27/news/putin_minacce-22599694/|https://apps.apple.com/app/apple-store/id1324203419?pt=107503821&ct=unknown&mt=8|https://play.google.com/store/apps/details?id=com.checkitt&referrer=utm_source%3Dunknown
https://ground.news/article/in-the-vladimir-region-the-media-want-to-be-fined-for-publishing-the-governors-report-on-drone-attacks,The Vladimir Edition of Zebra TV Retold the Post of Governor About the Attack by Ukrainian Drones. An Administrative Report Has Been Drawn up Against Journalists,Vladimir drew up a report on an administrative offense against the editorial office of the local newspaper Zebra TV because of the publication of the governor's report about the attack by a Ukrainian drone.,3,1,0,0,3 hours ago,100% Left,https://meduza.io/news/2026/08/27/vladimirskoe-izdanie-zebra-tv-pereskazalo-post-gubernatora-ob-atake-ukrainskih-bespilotnikov-na-zhurnalistov-sostavili-administrativnyy-protokol|https://novayagazeta.eu/articles/2026/08/27/na-vladimirskoe-izdanie-sostavili-protokol-za-tsitirovanie-soobshcheniia-gubernatora-ob-atake-dronov-news|https://tvrain.tv/news/vo-vladimirskoj-oblasti-smi-hotjat-oshtrafovat-za-publikatsiju-soobschenija-gubernatora-ob-atakah-bpla-575310/|https://apps.apple.com/app/apple-store/id1324203419?pt=107503821&ct=unknown&mt=8|https://play.google.com/store/apps/details?id=com.checkitt&referrer=utm_source%3Dunknown
https://ground.news/article/russia-truer-med-a-angripe-briitiske-mal,Russia Truer Med Å Angripe Briitiske Mål,Russia kan kne til å angripe briitiske mål som svar på at lands forsyner Ukraina med avanserte briitiske missiler.,2,0,1,0,5 hours ago,100% Right,https://www.aftenposten.no/verden/i/pB40ww/russland-truer-med-aa-angripe-britiske-maal|https://www.smp.no/nyheter/n/OkeRGA/russland-truer-med-aa-angripe-britiske-maal|https://apps.apple.com/app/apple-store/id1324203419?pt=107503821&ct=unknown&mt=8|https://play.google.com/store/apps/details?id=com.checkitt&referrer=utm_source%3Dunknown
https://ground.news/article/mayor-sochi-rewarded-the-parents-of-a-22-year-old-soldier-who-died-in-the-war-and-said-thank-you-very-much,"Mayor Sochi Rewarded the Parents of a 22-Year-Old Soldier Who Died in the War and Said, ""Thank You Very much.""",A shocking scene unfolded in Sochi: the mayor congratulated the parents of a 22-year-old soldier who died in the war during the award ceremony.,3,1,1,0,52 minutes ago,"50% Left, 50% Right",https://meduza.io/news/2026/08/27/mer-sochi-nagradil-roditeley-22-letnego-voennogo-pogibshego-na-voyne-i-dobavil-ot-dushi-pozdravlyayu|https://www.origo.hu/kulpol/2026/08/szocsi-polgarmester-gratulalt-halott-katona|https://istories.media/news/2026/08/27/on-eto-zasluzhil-s-takimi-slovami-mer-sochi-vruchil-orden-muzhestva-roditelyam-22-letnego-pogibshego-voennogo/|https://apps.apple.com/app/apple-store/id1324203419?pt=107503821&ct=unknown&mt=8|https://play.google.com/store/apps/details?id=com.checkitt&referrer=utm_source%3Dunknown
https://ground.news/article/penza-police-accused-residents-of-discouraging-men-from-being-sent-to-war,Penza Police Call Reports of Forced Recruitment Raids ‘False’ but Concede some Men May Have Posed as Officers,"Residents of the Penza region are “increasingly standing up for lawbreakers” and preventing police officers from detaining them, the Interior Ministry’s regional department said. These incidents come amid local reports of raids, abductions, and the forced deployment of men to fight in Ukraine.",5,2,0,0,41 minutes ago,100% Left,https://meduza.io/en/news/2026/08/27/penza-police-call-reports-of-forced-recruitment-raids-false-but-concede-some-men-may-have-posed-as-officers|https://zona.media/news/2026/08/27/penza|https://novayagazeta.ru/articles/2026/08/27/v-penze-liudi-vse-chashche-vstaiut-na-zashchitu-pravonarushitelei-pri-zaderzhanii-dumaia-chto-tekh-nezakonno-otpravliaiut-na-front-politsiia-publichno-zhaluetsia-news|https://tvrain.tv/news/politsija-v-penzenskoj-oblasti-podtverdila-chto-ljudi-vse-chasche-otbivajut-muzhchin-ot-zaderzhanija-575312/|https://novayagazeta.eu/articles/2026/08/27/penzenskaia-politsiia-obvinila-zhitelei-v-tom-chto-oni-otbivaiut-muzhchin-ot-otpravki-na-voinu-news|https://apps.apple.com/app/apple-store/id1324203419?pt=107503821&ct=unknown&mt=8|https://play.google.com/store/apps/details?id=com.checkitt&referrer=utm_source%3Dunknown
https://ground.news/article/bcf-the-third-ozon-is-owned-by-a-friend-of-putins-billionaire-gennady-timchenko,"Ozon Warehouses Are Burning Along with Putin's Personal Money, - Investigation","The largest stockholder of the Ozon Marketplace, investor Alexander Chachawa, received money to buy a stake in the company from Gennady Timchenko, a billionaire and friend of Vladimir Putin, says in an investigation into the Anti-Corruption Foundation.",7,3,0,0,17 minutes ago,100% Left,https://www.rbc.ua/ukr/news/skladi-ozon-goryat-razom-iz-osobistimi-groshima-1787839346.html|https://meduza.io/feature/2026/08/27/krupneyshiy-aktsioner-ozon-kupil-dolyu-v-marketpleyse-na-dengi-kompanii-druga-putina-gennadiya-timchenko-vyyasnil-fbk|https://zona.media/news/2026/08/27/ozon|https://tvrain.tv/news/fbk-krupnejshij-aktsioner-ozon-poluchil-dengi-na-pokupku-svoej-doli-ot-druga-putina-milliardera-gennadija-timchenko-575315/|https://www.obozrevatel.com/novosti-rossii/goryaschie-milliardyi-komu-na-samom-dele-prinadlezhit-ozon-i-pri-chem-zdes-dengi-putina.htm|https://istories.media/news/2026/08/27/bolshe-treti-aktsii-ozon-prinadlezhat-koshelku-putina-gennadiyu-timchenko-viyasnil-fbk/|https://novayagazeta.eu/articles/2026/08/27/fbk-tretiu-ozon-vladeet-kompaniia-druga-putina-milliardera-gennadiia-timchenko-news|https://apps.apple.com/app/apple-store/id1324203419?pt=107503821&ct=unknown&mt=8|https://play.google.com/store/apps/details?id=com.checkitt&referrer=utm_source%3Dunknown
https://ground.news/article/nytt-eu-forsok-pa-a-bruke-frosne-russland-midler_48c300,"EU states revive plan to use frozen Russian assets for Ukraine, FT reports",Several EU states want the European Commission to restart work on a plan that could channel more than €200 billion in frozen Russian assets to Ukraine.,53,11,10,9,20 minutes ago,37% Left,https://www.elperiodico.com/es/internacional/20260827/espana-suecia-polonia-paises-bajos-piden-usar-activos-congelados-rusia-financiar-ucrania-133713885|https://wtvbam.com/2026/08/27/four-eu-countries-seek-to-reopen-debate-on-russian-frozen-assets-for-ukraine/|https://www.tvp.info/95061058/zamrozone-rosyjskie-aktywa-powinny-zostac-przekazane-ukrainie-kolejna-inicjatywa-wraca-na-forum-unii-europejskiej|https://www.eldebate.com/internacional/20260827/espana-junto-otros-tres-paises-piden-reactivar-activos-rusos-europa-ayudar-ucrania_452862.html|https://www.lavanguardia.com/economia/20260827/11621178/cuatro-paises-resucitan-plan-activos-rusos-congelados-europa-ucrania.html|https://korrespondent.net/world/4906742-mynystry-es-khotiat-obsudyt-peredachu-rossyiskykh-aktyvov-ukrayne|https://meduza.io/news/2026/08/27/evrosoyuz-hochet-vernutsya-k-idee-ispolzovaniya-zamorozhennyh-rossiyskih-aktivov-dlya-finansirovaniya-ukrainy|https://elpais.com/internacional/2026-08-27/espana-suecia-paises-bajos-y-polonia-presionan-para-reabrir-el-debate-de-los-activos-rusos-congelados-y-ayudar-asi-a-ucrania.html|https://www.repubblica.it/esteri/2026/08/27/diretta/guerra_ucraina_russia_news_oggi-425549246/|https://unn.ua/news/u-yes-khochut-vidnovyty-plan-vykorystannia-zamorozhenykh-aktyviv-rf-dlia-ukrainy-ft|https://www.rbc.ua/ukr/news/chotiri-krayini-es-tisnut-bryussel-cherez-1787828037.html|https://www.reuters.com/world/europe/eu-states-revive-plan-use-frozen-russian-assets-ukraine-ft-reports-2026-08-27/|https://www.bloomberg.com/news/articles/2026-08-27/european-countries-revive-frozen-asset-plan-to-counter-russia|https://www.upi.com/Top_News/World-News/2026/08/27/EU-cfresh-all-for-Ukraine-aid-funded-with-Russian-assets/8881787828100/|https://www.err.ee/1610120980/neli-el-i-riiki-kutsuvad-ules-jatkama-arutelu-venemaa-kulmutatud-varade-ule|https://www.digi24.ro/stiri/externe/ue/tarile-ue-relanseaza-planul-de-a-utiliza-activele-rusesti-inghetate-pentru-ucraina-acum-este-momentul-sa-initiem-o-noua-discutie-3923807|https://valor.globo.com/mundo/noticia/2026/08/27/quatro-pases-da-ue-querem-reabrir-debate-sobre-ativos-russos-congelados-para-ajudar-ucrnia.ghtml|https://www.straitstimes.com/world/europe/four-eu-countries-seek-to-reopen-debate-on-russian-frozen-assets-for-ukraine|https://www.yna.co.kr/view/AKR20260827175900098|https://www.rd.nl/a/1160622-nederland-wil-bevroren-tegoeden-op-agenda-eu-buitenlandministers|https://moderndiplomacy.eu/2026/08/27/frozen-russian-assets-take-two-what-europes-revived-e210-billion-plan-means-for-ukraine-belgium-and-the-euro/|https://www.noticiasaominuto.com/mundo/3042497/quatro-paises-pedem-que-novo-debate-sobre-uso-de-ativos-russos-congelados|https://glavcom.ua/world/world-politics/jes-znovu-vzjavsja-za-zamorozheni-miljardi-rosiji-sojuzniki-pochali-shukati-shljakh-v-obkhid-veto-belhiji-1139128.html|https://www.cnnbrasil.com.br/internacional/quatro-paises-da-ue-querem-retomar-debate-sobre-recursos-russos-bloqueados/|https://zn.ua/ECONOMICS/v-es-prizyvajut-vozobnovit-rabotu-nad-planom-ispolzovanija-zamorozhennykh-aktivov-rf-v-interesakh-ukrainy-ft.html|https://orf.at/stories/3440347/|https://zambianobserver.com/eu-prepares-to-use-e210-billion-in-frozen-russian-assets-to-support-ukraines-defense/|https://www.vg.no/nyheter/i/y5KLvR/nytt-eu-forsoek-paa-aa-bruke-frosne-russland-midler|https://www.stol.it/artikel/politik/russland-greift-einrichtungen-der-ukrainischen-armee-an|https://www.rp.pl/finanse/art45062461-polska-i-sojusznicy-chca-siegnac-po-200-mld-euro-rosji-belgia-blokuje-plan|https://www.rtl.lu/news/international/veier-eu-lanner-wellen-nei-optioune-preiwen-743202710|https://apps.apple.com/app/apple-store/id1324203419?pt=107503821&ct=unknown&mt=8|https://play.google.com/store/apps/details?id=com.checkitt&referrer=utm_source%3Dunknown
https://ground.news/article/at-the-millerovo-airfield-in-the-rostov-region-the-armed-forces-of-ukraine-hit-the-radar-nebo-u,Russian Nebo-U Radar Hit at Millerovo Airfield in Rostov Region,"This was reported by the operators of drones “ACHILLES”. It is worth noting that the radar “Nebo-U” covered the airfield “Millerovo”, from where in Ukraine the occupiers constantly launch UAVs to strike at civilian targets and critical infrastructure. The radar station itself can find aerial targets at an altitude of 500 m at a range of 65 km, and at an altitude of 20 km — at a range of more than 400 km. The estimated cost of the radar is $100 m…",2,0,0,0,7 hours ago,No sources with tracked biases.,https://en.lb.ua/news/2026/08/27/40568_russian_nebo-u_radar_hit.html|https://espreso.tv/viyna-z-rosiyeyu-akhilles-na-aerodromi-millerovo-potsiliv-u-vorozhu-rls-nebo-u-vartistyu-u-100-mln-dolariv|https://apps.apple.com/app/apple-store/id1324203419?pt=107503821&ct=unknown&mt=8|https://play.google.com/store/apps/details?id=com.checkitt&referrer=utm_source%3Dunknown
https://ground.news/article/high-ranking-russian-military-officer-killed-in-car-explosion-reports-say,"Russian serviceman killed in explosion in St. Petersburg, media reports","Authorities said an improvised explosive device likely detonated inside the car, and the officer’s wife was seriously wounded, investigators said.",106,22,27,20,5 minutes ago,39% Right,https://www.hna.de/politik/autobombe-toetet-ranghohen-russischen-offizier-in-st-petersburg-zr-94463392.html|https://www.aletihad.ae/news/%D8%B9%D8%B1%D8%A8%D9%8A-%D9%88%D8%AF%D9%88%D9%84%D9%8A/4687826/%D9%85%D9%82%D8%AA%D9%84-%D8%B6%D8%A7%D8%A8%D8%B7-%D8%B1%D9%88%D8%B3%D9%8A-%D8%A8%D8%A7%D9%86%D9%81%D8%AC%D8%A7%D8%B1-%D9%81%D9%8A-%D8%B3%D8%A7%D9%86-%D8%A8%D8%B7%D8%B1%D8%B3%D8%A8%D8%B1%D8%BA|https://www.tagesschau.de/ausland/europa/russland-autobombe-explosion-ukraine-friedensverhandlungen-100.html|https://wtop.com/national/2026/08/russian-serviceman-killed-in-car-bomb-in-st-petersburg-officials-say/|https://www.spiegel.de/ausland/sankt-petersburg-russischer-offizier-stirbt-bei-sprengstoffexplosion-in-seinem-auto-a-37223c13-b47e-4612-acf4-934f85c72b4c|https://www.digi24.ro/stiri/externe/un-ofiter-rus-a-fost-ucis-intr-un-atentat-cu-bomba-in-sankt-petersburg-masina-in-care-se-afla-alaturi-de-sotia-sa-a-explodat-3924585|https://www.cartacapital.com.br/mundo/carro-bomba-mata-militar-russo-perto-de-sao-petersburgo/|https://meduza.io/en/news/2026/08/27/car-bomb-reportedly-kills-russian-serviceman-in-st-petersburg|https://zona.media/news/2026/08/27/slavyanka|https://apnews.com/article/russia-ukraine-war-st-petersburg-car-bomb-be4fa1fbf6b7f3329c9be5f6ec209576|https://www.thestar.com/news/world/europe/russian-serviceman-killed-in-car-bomb-in-st-petersburg-officials-say/article_d69090b4-c8ea-536c-ad4c-26c4edada3a1.html|https://www.repubblica.it/esteri/2026/08/27/news/attentato_san_pietroburgo_ordigno_auto_ufficiale_esercito_russo-425550087/|https://www.thespec.com/news/world/europe/russian-serviceman-killed-in-car-bomb-in-st-petersburg-officials-say/article_c0263fa0-0dea-599c-ab82-4176642ea83d.html|https://www.reuters.com/world/europe/russian-serviceman-killed-explosion-st-petersburg-media-reports-2026-08-27/|https://www.hindustantimes.com/world-news/russia-car-explosion-st-petersburg-russian-military-officer-killed-wife-injured-ied-bomb-blast-101787822064376.html|https://www.winnipegfreepress.com/world/2026/08/27/russian-serviceman-killed-in-car-bomb-in-st-petersburg-officials-say|https://timesofindia.indiatimes.com/world/rest-of-world/russian-military-lieutenant-colonel-killed-in-st-petersburg-car-blast-wife-injured/articleshow/133566485.cms|https://g1.globo.com/mundo/noticia/2026/08/27/carro-bomba-mata-militar-russo-perto-de-sao-petersburgo-diz-agencia.ghtml|https://www.straitstimes.com/world/europe/russian-serviceman-killed-in-explosion-in-st-petersburg-media-reports|https://www.thesun.co.uk/news/40188805/russian-commander-killed-wife-legs-blown-off/|https://www.telegraph.co.uk/world-news/2026/08/27/car-bomb-kills-russian-general-st-petersburg/?WT.mc_id=tmgoff_reddit_kills-russian-general-st-petersburg/&accesscontrol=facebookchannel_open|https://www.origo.hu/nagyvilag/2026/08/robbanas-auto-szentpetervar|https://www.telegraaf.nl/buitenland/live-russische-kolonel-gedood-met-autobom-in-sint-petersburg/160568185.html|https://www.protothema.gr/world/article/1870305/rosos-stratiotikos-skotothike-otan-exerragi-to-autokinito-tou-stin-agia-petroupoli/|https://www.realitatea.net/stiri/actualitate/masina-aruncata-in-aer-la-sankt-petersburg-un-militar-rus-de-rang-inalt-a-fost-ucis-scfu1z|https://english.pravda.ru/news/hotspots/168320-st-petersburg-car-explosion-military-officer/|https://glavcom.ua/world/observe/rajon-vibukhu-v-peterburzi-vijavivsja-mistsem-prozhivannja-rosijskikh-ofitseriv-1139154.html|https://www.cnnbrasil.com.br/internacional/militar-russo-morre-em-explosao-em-sao-petersburgo-dizem-jornais/|https://www.quotidiano.net/esteri/san-pietroburgo-esplode-auto-ucciso-un-colonnello-dellesercito-russo-xb8h5fwi|https://magyarnemzet.hu/kulfold/2026/08/merenylet-szentpetervaron-pokolgep-vegzett-orosz-katonatiszttel|https://www.vijesti.me/svijet/evropa/823977/pripadnik-ruske-vojske-poginuo-u-predgradju-sankt-peterburga-bomba-podmetnuta-pod-njegov-automobil|https://orf.at/stories/3440384/|https://hnonline.sk/svet/96299090-v-petrohrade-vybuchlo-auto-zahynul-dostojnik-ruskeho-letectva|https://www.rp.pl/przestepczosc/art45062891-eksplozja-samochodu-w-petersburgu-nieoficjalnie-zginal-wysoki-ranga-rosyjski-wojskowy|https://www.naftemporiki.gr/kosmos/2154132/agia-petroypoli-ekrixi-pagideymenoy-aytokinitoy-se-periochi-me-stratiotikes-katoikies-nekros-rosos-antisyntagmatarchis/|https://www.cnn.gr/kosmos/story/549631/nekros-rosos-antisyntagmatarxis-se-ekriksi-pagidevmenou-aftokinitou-stin-agia-petroypoli|https://apps.apple.com/app/apple-store/id1324203419?pt=107503821&ct=unknown&mt=8|https://play.google.com/store/apps/details?id=com.checkitt&referrer=utm_source%3Dunknown
https://ground.news/article/the-sbu-warned-of-a-new-russian-scheme-who-is-being-recruited-through-prisoners-of-war,The SBU Warned of a New Russian Scheme: Who Is Being Recruited Through Prisoners of War.,"What are the Russian intelligence services up to? Russian intelligence services have stepped up their attempts to recruit Ukrainians whose relatives are in captivity. The SBU is urging people not to cooperate with the enemy and to report such cases. This was reported by RBC-Ukraine, citing an SBU publication.
How Russians are contacting them
The Security Service of Ukraine (SBU) is recording increased attempts by Russian intelligence services to…",2,1,1,0,6 hours ago,"50% Left, 50% Right",https://www.rbc.ua/ukr/news/sbu-poperedila-novu-shemu-rf-kogo-namagayutsya-1787831909.html|https://korrespondent.net/ukraine/4906634-rf-aktyvyzyrovala-popytky-verbovky-rodstvennykov-ukraynskykh-voennoplennykh|https://apps.apple.com/app/apple-store/id1324203419?pt=107503821&ct=unknown&mt=8|https://play.google.com/store/apps/details?id=com.checkitt&referrer=utm_source%3Dunknown
https://ground.news/article/6c2cb959-6fe4-4532-943c-11947decad45,"CIA Director John Ratcliffe, during secretive trip, warned Russia not to attack NATO: Report","Join millions of well-informed readers who use Ground to compare coverage, check their news blindspots, and challenge their worldview.",263,49,48,53,20 minutes ago,35% Center,https://www.rte.ie/news/world/2026/0827/1589498-russia-comments-nato/|https://seekingalpha.com/news/4637589-trump-rejects-concerns-over-potential-russian-attack-on-nato-report|https://jyllands-posten.dk/international/ECE19585880/frygten-stiger-for-et-russisk-angreb-paa-nato-det-er-ikke-uden-grund/|https://www.tagesschau.de/ausland/amerika/ratcliffe-cia-moskau-100.html|https://www.faz.net/aktuell/politik/ausland/ratcliffe-in-moskau-eine-warnung-an-putin-201164254.html|https://www.geo.tv/latest/679480-russia-warns-uk-france-to-stop-playing-with-fire-cia-chief-visits-moscow-to-deliver-nato-warning|https://www.rawstory.com/john-ratcliffe-2677783205/|https://meduza.io/en/news/2026/08/27/politico-wsj-cia-director-visited-moscow-to-warn-kremlin-against-attacking-nato-countries|https://zona.media/news/2026/08/27/ratcliff|https://www.huffingtonpost.fr/international/video/on-connait-l-objet-du-mysterieux-voyage-a-moscou-du-directeur-de-la-cia-et-ce-n-est-pas-ce-qu-en-dit-trump_312777.html|https://www.thehindu.com/news/international/cia-director-warned-russia-not-to-attack-nato-members-us-media/article71394848.ece|https://www.independent.co.uk/news/world/europe/ukraine-russia-war-live-trump-putin-cia-chief-news-b3040068.html|https://www.mirror.co.uk/news/us-news/cia-moscow-ukraine-bomb-putin-37594052|https://www.cbc.ca/news/world/us-russia-cia-nato-9.7322340|https://www.cnn.com/2026/08/27/politics/john-ratcliffe-cia-moscow-visit|https://www.hindustantimes.com/videos/world-news/us-c-17a-globemaster-heads-west-after-mystery-moscow-trip-whats-happening-natoratcliffeputin-101787775558096.html|https://localnews8.com/news/2026/08/27/cia-chief-was-in-moscow-to-warn-russia-against-attacking-nato-and-encourage-cutting-off-iran/|https://krdo.com/politics/cnn-us-politics/2026/08/27/cia-chief-was-in-moscow-to-warn-russia-against-attacking-nato-and-encourage-cutting-off-iran/|https://www.channelnewsasia.com/world/cia-director-john-ratcliffe-russia-visit-nato-kremlin-6342771|https://kvia.com/news/noticias/cnn-spanish/2026/08/27/el-jefe-de-la-cia-estuvo-en-moscu-para-advertir-a-rusia-que-no-atacara-a-la-otan-y-para-instarlos-a-cortar-vinculos-con-iran/|https://www.express.co.uk/news/world/2242916/cia-sends-putin-chilling-message-moscow-nato|https://g1.globo.com/mundo/noticia/2026/08/26/em-visita-surpresa-a-moscou-chefe-da-cia-pediu-que-russia-nao-ataque-paises-da-otan-diz-jornal.ghtml|https://nypost.com/2026/08/26/us-news/trump-says-cia-director-ratcliffes-mystery-trip-to-moscow-was-not-to-warn-putin-against-testing-nato-resolve/|https://www.straitstimes.com/world/united-states/cia-director-was-on-semi-routine-mission-in-russia-says-trump|https://www.lefigaro.fr/international/pourquoi-le-patron-de-la-cia-s-est-rendu-discretement-a-moscou-en-pleine-crise-entre-les-etats-unis-et-la-russie-20260826|https://www.breitbart.com/europe/2026/08/27/britain-playing-with-fire-by-aiding-ukraine-faces-unpredictable-consequences-warns-russian-foreign-ministry/|https://www.krone.at/4271116|https://www.origo.hu/kulpol/2026/08/cia-vezetoje-moszkvai-latogatas-celja|https://www.telegraaf.nl/buitenland/live-cia-directeur-heeft-rusland-gevraagd-om-navo-niet-aan-te-vallen/160568185.html|https://www.protothema.gr/world/article/1870066/o-fovos-rosikis-epithesis-sto-nato-esteile-ton-arhigo-tis-cia-sti-mosha-lene-amerikanika-mme/|https://endoftheamericandream.com/the-russians-are-not-so-subtly-threatening-the-uk-with-military-retaliation-is-this-why-cia-director-john-ratcliffe-flew-to-moscow/|https://www.epochtimes.com/b5/26/8/27/n14837573.htm|https://www.noticiasaominuto.com/mundo/3042212/kremlin-nega-planos-para-atacar-nato-apos-visita-do-diretor-da-cia|https://www.aydinlik.com.tr/haber/wsj-ratcliffein-moskova-ziyaretinin-perde-arkasinda-nato-uyarisi-var-587939|https://glavcom.ua/world/world-politics/navishcho-tramp-vidpraviv-direktora-tsru-do-moskvi-nazvano-pjat-versij-1139081.html|https://zn.ua/WORLD/direktor-tsru-predostereh-rossiju-ot-napadenija-na-nato-i-prizval-sokratit-pomoshch-iranu-politico.html|https://adevarul.ro/blogurile-adevarul/vizita-lui-ratcliffe-la-moscova-avertisment-2552358.html|https://cnnportugal.iol.pt/guerra-ucrania/nato/diretor-da-cia-foi-a-moscovo-com-dois-avisos-para-putin/20260827/6a900ef2d34e511da0b358e1|https://www.aksam.com.tr/dunya/ciaden-moskovaya-gizli-ziyaret/haber-1693687|https://magyarnemzet.hu/kulfold/2026/08/trump-cia-igazgato-moszkvai-utja|https://observatornews.ro/extern/miza-vizitei-sefului-cia-la-moscova-ar-fi-venit-cu-un-mesaj-clar-pentru-putin-664361.html|https://apps.apple.com/app/apple-store/id1324203419?pt=107503821&ct=unknown&mt=8|https://play.google.com/store/apps/details?id=com.checkitt&referrer=utm_campaign%3Dunknown
https://ground.news/article/russian-hackers-use-fake-google-drive-and-diplomatic-lures-to-steal-online-account,Russian Hackers Use Fake Google Drive and Diplomatic Lures to Steal Online Account,"Russian-linked operators are using fake cloud-storage pages and diplomatic themes to trick targets into giving away access to online accounts. The following article body is 650 words, excluding the IoC table. Russian cyber espionage campaigns are using convincing Google Drive pages and diplomatic invitations to take over online accounts. Instead of relying on a malicious download, the operators steer targets into legitimate sign-in processes and…",2,0,0,0,7 hours ago,No sources with tracked biases.,https://www.itsecuritynews.info/russian-hackers-use-fake-google-drive-and-diplomatic-lures-to-steal-online-account/|https://cybersecuritynews.com/hackers-use-fake-google-drive/|https://apps.apple.com/app/apple-store/id1324203419?pt=107503821&ct=unknown&mt=8|https://play.google.com/store/apps/details?id=com.checkitt&referrer=utm_source%3Dunknown
https://ground.news/article/trump-comments-on-cia-directors-visit-to-moscow,"CIA chief’s visit to Moscow related to resolving Ukraine war, Trump says",Trump said Ratcliffe’s Moscow trip was semi-routine as Washington seeks progress on ending the war in Ukraine.,39,2,8,6,4 minutes ago,50% Right,"https://www.digi24.ro/stiri/externe/ny-times-seful-cia-a-mers-la-moscova-pentru-a-prezenta-situatia-sumbra-a-rusiei-de-teama-ca-lui-putin-i-se-ascunde-adevarul-3924781|https://www.welt.de/politik/ausland/plus6a8ffc9b518a586e18559edc/ratcliff-in-moskau-schauergeschichten-warum-der-kreml-den-besuch-des-cia-chefs-herunterspielt.html|https://www.lrt.lt/naujienos/lietuvoje/2/3034361/m-sinkevicius-cza-vadovo-vizitas-i-maskva-siuncia-zinute-kremliui-kad-jav-rupi-europa|https://www.err.ee/1610121007/raik-ukraina-2021-aastal-ja-balti-riigid-praegu-pole-vorreldavas-olukorras|https://www.rbc.ua/ukr/news/viyna-ukrayini-bula-sered-tem-budanov-zrobiv-1787822643.html|https://www.romaniatv.net/cum-explica-donald-trump-vizita-secreta-a-sefului-cia-la-moscova-s-ar-putea-sa-rezulte-ceva_9772741.html|https://charter97.org/ru/news/2026/8/26/696224/|https://www.lalibre.be/international/amerique/2026/08/26/trump-minimise-limportance-de-la-visite-du-chef-de-la-cia-a-moscou-il-netait-pas-la-bas-pour-une-des-choses-que-vous-mentionnez-AV7MDGMO2VABZFOTCQOLCIAG44/|https://akipress.com/news:914879|https://www.themoscowtimes.com/2026/08/26/trump-confirms-cia-directors-moscow-trip-calling-it-semi-routine-a93582|https://www.washingtontimes.com/news/2026/aug/26/cia-chiefs-visit-moscow-related-resolving-ukraine-war-trump-says/|https://www.aa.com.tr/en/americas/trump-calls-cia-chief-s-moscow-visit-routine-rejects-reported-link-to-potential-russian-military-threats/4038247|https://www.indiatoday.in/world/story/donald-trump-was-asked-about-cia-director-john-ratcliffe-secretive-visit-to-russia-here-is-what-he-said-amid-ukraine-conflict-2980803-2026-08-27|https://jornaleconomico.sapo.pt/noticias/trump-desvaloriza-deslocacao-quase-de-rotina-de-chefe-da-cia-a-moscovo-mas-admite-que-pode-sair-algo-disto/|https://english.pravda.ru/news/world/168311-trump-cia-moscow-ukraine/|https://glavcom.ua/columns/igor_petrenko/poki-retkliff-hovoriv-u-moskvi-kijiv-trimav-pauzu-shcho-stojit-za-vizitom-hlavi-tsru-1139201.html|https://elcomercio.pe/mundo/eeuu/ocho-horas-en-rusia-visita-del-director-de-la-cia-a-moscu-deja-muchas-preguntas-y-pocas-respuestas-noticia/|https://stirileprotv.ro/stiri/international/donald-trump-despre-vizita-secreta-a-sefului-cia-la-moscova-s-ar-putea-sa-rezulte-ceva-ce-cred-analistii.html|https://espreso.tv/news-tramp-zaperechiv-shcho-direktor-tsru-litav-do-moskvi-cherez-zagrozu-napadu-rf-na-odnu-z-krain-nato|https://www.zf.ro/eveniment/purtatorul-cuvant-kremlinului-dmitri-peskov-dupa-vizita-directorului-cia-moscova-multe-povesti-alarmiste-publicate-prezent-desigur-acest-lucru-nicio-legatura-realitatea-nicio-legatura-intentiile-23225578|https://rtvi.com/news/tramp-posle-vizita-retkliffa-v-moskvu-tri-chasa-soveshhalsya-s-glavami-pentagona-i-czru/|https://wiadomosci.gazeta.pl/polityka/7,198013,32989260,trump-o-wizycie-szefa-cia-w-moskwie-pracujemy-by-zakonczyc.html|https://nv.ua/ukr/world/geopolitics/vizit-direktora-cru-do-moskvi-u-baltiji-ocinili-rizik-rosiyskogo-vtorgennya-50636217.html|https://www.lrytas.lt/lietuvosdiena/aktualijos/2026/08/27/news/m-sinkevicius-cza-vadovo-vizitas-i-maskva-siuncia-zinute-kremliui-kad-jav-rupi-europa-43736764|https://www.kleinezeitung.at/artikel/41205700/trumps-geheimdienstler-war-in-moskau-auf-mission-impossible|https://apps.apple.com/app/apple-store/id1324203419?pt=107503821&ct=unknown&mt=8|https://play.google.com/store/apps/details?id=com.checkitt&referrer=utm_source%3Dunknown"
https://ground.news/article/three-times-more-powerful-than-current-ones-russia-asks-north-korea-for-new-ballistic-missiles,Russia Seeks New KN-30 Ballistic Missiles and Launchers From North Korea – Ukrainian Intelligence,"How many KN-23 missiles has Russia already received from North Korea? Russia, the aggressor state, is negotiating with North Korea for the supply of new KN-30 ballistic missiles, which are three times more powerful than the well-known KN-23 and KN-24. This was reported by RBC-Ukraine, citing Andriy Chernyak, a spokesman for the Main Intelligence Directorate of the Ministry of Defense of Ukraine.
What is the Kremlin negotiating with Pyongyang?
Ch…",7,1,0,0,53 minutes ago,100% Left,"https://english.nv.ua/nation/russia-asks-north-korea-for-new-kn-30-ballistic-missiles-details-from-defense-intelligence-50636216.html|https://www.rbc.ua/ukr/news/vtrichi-potuzhnishi-teperishni-rf-prosit-1787830058.html|https://www.rmf24.pl/fakty/swiat/news-putin-chce-od-kima-rakiet-trzy-razy-potezniejszych-niz-dotyc,nIdn,1015401|https://tsn.ua/ato/rf-prosyt-u-kndr-rakety-vtrychi-potuznishi-za-kn-23-shcho-hotuiut-putin-i-kim-3157127.html|https://hromadske.ua/en/war/270063-russia-seeks-new-north-korean-missiles-and-up-to-50000-troops-ukrainian-intelligence|https://gazeta.ua/articles/politics/_rosiya-prosit-u-kndr-novi-balistichni-raketi-kn30-gur/1257473|https://www.5.ua/svit/moskva-prosyla-u-kndr-novi-balistychni-rakety-kn-30-hur-382366.html|https://apps.apple.com/app/apple-store/id1324203419?pt=107503821&ct=unknown&mt=8|https://play.google.com/store/apps/details?id=com.checkitt&referrer=utm_source%3Dunknown"
https://ground.news/article/putins-emergency-option-how-real-is-the-nuclear-threat-for-ukraine,Putin's Emergency Option? How Real Is the Nuclear Threat for Ukraine,"In the face of frozen negotiations and increasing military pressure, the Kremlin is reportedly considering a drastic escalation of its attacks. Nuclear options are being discussed in Moscow as the ultimate means.",2,0,0,1,8 hours ago,100% Center,https://www.mannheim24.de/politik-wirtschaft/putins-notfall-option-wie-real-ist-die-atomwaffendrohe-fuer-die-ukraine-zr-94462463.html|https://www.op-online.de/politik/putins-notfall-option-wie-real-ist-die-atomwaffendrohe-fuer-die-ukraine-zr-94462463.html|https://apps.apple.com/app/apple-store/id1324203419?pt=107503821&ct=unknown&mt=8|https://play.google.com/store/apps/details?id=com.checkitt&referrer=utm_source%3Dunknown
https://ground.news/article/putin-wants-to-throw-600-000-more-people-into-the-war-intelligence-learned-the-timing,"Putin Wants to Throw 600,000 More People Into the War. Intelligence Learned the Timing","Russia intends to mobilize 600,000 recruits in the period 2026-2027, writes Kyiv Independent, who quotes a statement made on Thursday by the Office of the President of Ukraine.The Ukrainian Presidency has received...",2,0,0,0,1 hour ago,No sources with tracked biases.,https://glavcom.ua/world/observe/nova-khvilja-mobilizatsiji-v-rosiji-rozvidka-zjasuvala-masshtabi-ta-termini-1139176.html|https://www.antena3.ro/externe/ce-a-aflat-spionajul-lui-zelenski-despre-planul-secret-al-lui-putin-600-000-de-rusi-vor-fi-trimisi-pe-front-801090.html|https://apps.apple.com/app/apple-store/id1324203419?pt=107503821&ct=unknown&mt=8|https://play.google.com/store/apps/details?id=com.checkitt&referrer=utm_source%3Dunknown
https://ground.news/article/russia-wants-to-starve-the-world-to-death-latvian-foreign-minister_442038,"Russia Wants to Starve the World to Death, - Latvian Foreign Minister","Hundreds of millions of people are already suffering because of Moscow's actions. Russia's attacks on Ukraine could trigger global famine, which is exactly what the Kremlin is trying to achieve. This warning was issued by Latvian Foreign Minister Baiba Braje, RBC-Ukraine reports, citing her post in X. The head of Latvian diplomacy responded to a message from Ukrainian Foreign Minister Andrey Sibiga. In it, he spoke about the consequences of the …",2,1,0,0,7 hours ago,100% Left,https://www.rbc.ua/ukr/news/rosiya-hoche-zamoriti-svit-golodom-glava-1787826487.html|https://espreso.tv/svit-rf-khoche-zamoriti-svit-golodom-mzs-latvii-vidreaguvalo-na-udari-rf-po-infrastrukturi-ukraini|https://apps.apple.com/app/apple-store/id1324203419?pt=107503821&ct=unknown&mt=8|https://play.google.com/store/apps/details?id=com.checkitt&referrer=utm_source%3Dunknown
https://ground.news/article/russian-speaking-cybercriminals-used-spacexs-cursor-ai-tool-to-hack-seven-companies,Russian-speaking cybercriminals used SpaceX’s Cursor AI tool to hack seven companies,"Researchers say the hackers used Cursor to automate credential theft and account takeovers, and they traced ransom payments across the operation.",17,4,4,5,1 hour ago,38% Center,https://www.lalibre.be/economie/digital/2026/08/27/un-outil-de-codage-ia-appartenant-a-spacex-au-coeur-dun-piratage-de-grande-ampleur-une-entreprise-belge-concernee-ENTOUVFWXFDLJPDHB3AQBFBX3E/|https://www.lanacion.com.ar/tecnologia/ciberdelincuentes-usaron-una-herramienta-de-spacex-para-hackear-siete-empresas-una-de-ellas-nid27082026/|https://arynews.tv/cybercriminals-used-spacexs-cursor-ai-tool-to-hack-seven-companies|https://www.in.gr/2026/08/27/in-science/technology/rosofonoi-kyvernoegklimaties-xakaran-7-etaireies-ksegelontas-ergaleio-ai-tis-spacex/|https://www.reuters.com/world/russian-speaking-cybercriminals-used-spacexs-cursor-ai-tool-hack-seven-companies-2026-08-27/|https://news.cgtn.com/news/2026-08-27/news-1PX6cJwrUYg/p.html|https://meduza.io/news/2026/08/27/russkoyazychnye-hakery-obmanuli-ii-agenta-spacex-i-vzlomali-s-ego-pomoschyu-sem-kompaniy|https://www.joemygod.com/2026/08/russians-used-spacexs-ai-to-hack-seven-companies/|https://wtvbam.com/2026/08/27/exclusive-russian-speaking-cybercriminals-used-spacexs-cursor-ai-tool-to-hack-seven-companies/|https://www.marketscreener.com/news/russian-speaking-cybercriminals-used-spacex-s-cursor-ai-tool-to-hack-seven-companies-ce7858deda8ef121|https://www.netnewsledger.com/2026/08/27/exposed-aurora-ransomware-server-reveals-ai-assisted-attacks-stolen-credentials-and-crypto-laundering/|https://economictimes.indiatimes.com/ai/ai-insights/russian-speaking-cybercriminals-used-spacexs-cursor-ai-tool-to-hack-seven-companies/articleshow/133565048.cms|https://cryptocurrency.com.tr/russian-speaking-hackers-are-weaponizing-cursor-ai-for-cyberattacks-cisco-talos-finds-356065|https://cryptobriefing.com/russian-hackers-cursor-ai-cyberattacks/|https://oodaloop.com/briefs/cyber/ransomware-operator-ran-cursor-agent-inside-ten-victim-networks/|https://cybersecuritynews.com/ransomware-hacker-uses-ai/|https://apps.apple.com/app/apple-store/id1324203419?pt=107503821&ct=unknown&mt=8|https://play.google.com/store/apps/details?id=com.checkitt&referrer=utm_source%3Dunknown
https://ground.news/article/russia-says-it-launched-a-massive-overnight-strike-on-9-ukrainian-cities_3e019e,Russia says it launched a ‘massive’ overnight strike on 9 Ukrainian cities,"Moscow said the strikes hit military-related infrastructure, while Ukraine said nearly 90% of the 258 drones and seven missiles were intercepted.",82,18,15,27,37 minutes ago,45% Center,"https://www.is.fi/ulkomaat/art-2000012235850.html|https://www.thehindu.com/news/international/russia-bombards-nine-ukrainian-cities-calling-the-strikes-massive/article71397564.ece|https://www.voachinese.com/a/russia-strikes-nine-ukrainian-cities-in-hours-long-attack-hitting-shopping-mall-and-killing-civilians-20260827/8191052.html|https://www.elvocero.com/el-mundo/rusia-afirma-haber-lanzado-un-ataque-masivo-contra-nueve-ciudades-de-ucrania/article_fe9d6ce0-be12-5d89-9ec8-f7a5c2b0fe4b.html|http://www.africanews.com/2026/08/27/russias-overnight-drone-barrage-ignites-fires-across-ukrainian-cities/|https://www.huffpost.com/entry/russia-bombards-9-ukrainian-cities-overnight-calling-the-strikes-massive_n_6a9025aae4b0a9d5e57cfad2|https://www.independent.co.uk/news/russia-kyiv-moldova-moscow-soviet-union-b3040215.html|https://apnews.com/article/russia-ukraine-war-drone-missile-attack-c841f3aa849a38ddca94e2dd44556c3a|https://abcnews.com/International/wireStory/russia-launched-massive-overnight-strike-9-ukrainian-cities-135997859|https://www.stuff.co.nz/world-news/361025813/russia-bombards-9-ukrainian-cities-overnight-calling-str|https://www.ctvnews.ca/world/russia-ukraine-war/article/russia-says-it-launched-a-massive-overnight-strike-on-9-ukrainian-cities/|https://www.reuters.com/world/europe/explosions-heard-ukraines-kyiv-reuters-witness-says-2026-08-27/|https://www.winnipegfreepress.com/world/2026/08/27/russia-says-it-launched-a-massive-overnight-strike-on-9-ukrainian-cities|https://www.perthnow.com.au/news/conflict/russia-launches-massive-strike-on-ukrainian-cities-c-22787495|https://www.theglobeandmail.com/world/article-russia-strikes-nine-ukraine-cities-missile-drone-attack/|https://economictimes.indiatimes.com/news/defence/russia-bombards-9-ukrainian-cities-overnight-calling-the-strikes-massive/articleshow/133570539.cms|https://g1.globo.com/mundo/noticia/2026/08/27/kiev-e-atingida-por-novo-ataque-em-massa-da-russia-contra-a-ucrania.ghtml|https://www.straitstimes.com/world/europe/russia-launches-missiles-and-drones-at-ukraine-authorities-say|https://thewest.com.au/news/conflict/russia-launches-massive-strike-on-ukrainian-cities-c-22787497|https://www.indiatoday.in/world/story/russia-ukraine-war-massive-missile-and-drone-strikes-hit-kyiv-and-nine-cities-ptag-2981143-2026-08-27|https://www.origo.hu/kulpol/2026/08/kijev-drontamadas-ukrajna-orosz|https://glavcom.ua/kyiv/news/u-kijevi-lunajut-vibukhi-pratsjuje-ppo-1139117.html|https://zn.ua/war/pvo-pomimo-dronov-sbila-ballisticheskuju-i-protivokorabelnuju-raketu-podrobnosti-ot-voenno-vozdushnykh-sil.html|https://www.independentespanol.com/noticias/mundo/europa/rusia-dice-que-lanzo-un-ataque-nocturno-masivo-contra-9-ciudades-en-ucrania-b3040250.html|https://kyiv.tsn.ua/kyiv/rosiia-vdaryla-balistykoiu-po-kyyevu-takoz-pid-udarom-nyzka-inshykh-rehioniv-3156464.html|https://nv.ua/ukr/ukraine/events/iskander-ta-oniks-rosiyani-masovano-atakuvali-ukrajinu-raketami-ta-dronami-ye-vluchannya-50636030.html|https://nation.cymru/news/russia-launches-massive-overnight-strike-on-nine-ukrainian-cities/|https://www.wprost.pl/swiat/12424539/co-planuje-wladimir-putin-doniesienia-o-zmasowanym-ataku-na-stolice-ukrainy.html|https://www.rmf24.pl/fakty/swiat/news-rosja-zaatakowala-kijow-odesse-i-zaporoze-sa-ranni-w-tym-dzi,nIdn,1015294|https://www.derstandard.de/jetzt/livebericht/3000000337127/explosionen-erschuettern-kyjiw-nach-russischen-luftangriffen|https://babel.ua/news/129679-rosiya-vdarila-po-ukrajini-raketami-ta-258-dronami-de-prolunali-vibuhi|https://apps.apple.com/app/apple-store/id1324203419?pt=107503821&ct=unknown&mt=8|https://play.google.com/store/apps/details?id=com.checkitt&referrer=utm_source%3Dunknown"
https://ground.news/article/europe-faced-a-new-surge-in-diesel-fuel-prices-two-reasons_e4cb40,Europe Faced a New Surge in Diesel Fuel Prices: Two Reasons,"Join millions of well-informed readers who use Ground to compare coverage, check their news blindspots, and challenge their worldview.",2,1,0,0,4 hours ago,100% Left,https://zn.ua/ECONOMICS/evropa-stolknulas-s-novym-skachkom-tsen-na-dizelnoe-toplivo-dve-prichiny.html|https://www.lemonde.fr/economie/article/2026/08/27/les-prix-du-diesel-doublement-affectes-par-le-conflit-au-moyen-orient-et-la-guerre-en-ukraine-continuent-de-grimper_6758111_3234.html|https://apps.apple.com/app/apple-store/id1324203419?pt=107503821&ct=unknown&mt=8|https://play.google.com/store/apps/details?id=com.checkitt&referrer=utm_campaign%3Dunknown
https://ground.news/article/egyptian-russian-fms-discuss-bilateral-co-op-regional-developments-over-phone_cb3371,"Egyptian, Russian FMs Discuss Bilateral Co-Op, Regional Developments Over Phone","Egypt's Foreign Minister (FM) Badr Abdelatty held phone talks, on Thursday, with his Russian counterpart, Sergey Lavrov.",3,0,0,0,6 hours ago,No sources with tracked biases.,https://see.news/egyptian-russian-fms-discuss-bilateral-co-op-regional-developments-over-phone|https://www.haberler.com/guncel/misir-ve-rusya-disisleri-bakanlari-hurmuz-den-20180941-haberi/|https://www.aydinlik.com.tr/haber/misir-ve-rusyadan-hurmuz-diplomasisi-lavrov-ve-abdulati-gorustu-587951|https://apps.apple.com/app/apple-store/id1324203419?pt=107503821&ct=unknown&mt=8|https://play.google.com/store/apps/details?id=com.checkitt&referrer=utm_source%3Dunknown
https://ground.news/article/russia-again-threatens-europe-moscow-warns-that-foreign-troops-in-ukraine-could-become-legitimate-military-targets,"Russia Again Threatens Europe: Moscow Warns that Foreign Troops in Ukraine Could Become ""Legitimate Military Targets""","The Russian government threatens the United Kingdom, France and Germany two days after the head of the CIA, John Ratcliffe, went to Moscow to try to dismantle his plans, according to the U.S. press, to attack the east of the European Union. “They are playing with fire. The consequences can be completely unpredictable, even for themselves,” said Foreign Ministry spokesman Maria Zajarova, in a new attempt to prevent Europe from supporting Ukraine.",3,1,0,0,8 hours ago,100% Left,https://adevarul.ro/stiri-externe/rusia/rusia-ameninta-din-nou-europa-moscova-avertizeaza-2552413.html|https://elpais.com/internacional/2026-08-27/rusia-amenaza-al-reino-unido-y-francia-por-ayudar-a-ucrania-con-misiles-y-drones-estan-jugando-con-fuego.html|https://www.antena3.ro/externe/maria-zaharova-ameninta-ca-rusia-va-ataca-baze-militare-nato-si-spune-ca-uk-si-franta-se-joaca-cu-focul-ajutand-ucraina-801017.html|https://apps.apple.com/app/apple-store/id1324203419?pt=107503821&ct=unknown&mt=8|https://play.google.com/store/apps/details?id=com.checkitt&referrer=utm_source%3Dunknown
https://ground.news/article/the-ceo-of-mhimo-kuzmin-and-her-son-are-wanted-in-a-fraud-case,The Vice-Rector of MGIMO and Her Son Were Put on the Wanted List in the Case of Major Fraud,"The MHIMO Director for Financial and Economic Affairs, Natalia Kuzmin, and her son, Enver Kuzmin, have been reported to the RBC for a criminal case of high-value fraud.",4,2,1,0,6 hours ago,67% Left,https://eadaily.com/en/news/2026/08/27/the-vice-rector-of-mgimo-and-her-son-were-put-on-the-wanted-list-in-the-case-of-major-fraud|https://meduza.io/news/2026/08/27/prorektora-mgimo-nataliyu-kuzminu-i-ee-syna-ob-yavili-v-rozysk-po-delu-o-moshennichestve|https://zona.media/news/2026/08/27/kuzminy|https://tvrain.tv/news/prorektora-mgimo-objavili-v-rozysk-po-delu-o-moshennichestve-v-osobo-krupnom-razmere-575306/|https://apps.apple.com/app/apple-store/id1324203419?pt=107503821&ct=unknown&mt=8|https://play.google.com/store/apps/details?id=com.checkitt&referrer=utm_source%3Dunknown
https://ground.news/article/russias-foreign-spy-chief-confirms-he-held-talks-with-cia-director-in-moscow,Russia's foreign spy chief confirms he held talks with CIA director in Moscow,Naryshkin said the two discussed sensitive intelligence matters as U.S. media reported Ratcliffe warned Moscow against attacking NATO allies.,98,14,14,19,36 minutes ago,40% Center,https://laopinion.com/2026/08/27/servicio-de-espionaje-ruso-confirma-visita-del-director-de-la-cia-a-moscu/|https://www.military.com/video/head-of-russia-s-foreign-intelligence-service-confirms-meeting-with-cia-director|https://www.hln.be/buitenland/kremlin-verwerpt-alarmistische-verhalen-over-bezoek-cia-directeur~a93df6b5/|https://meduza.io/news/2026/08/27/obsudili-voprosy-kotorye-nahodyatsya-v-kompetentsii-razvedsluzhb-naryshkin-rasskazal-o-vstreche-s-direktorom-tsru|https://euobserver.com/234012/alarming-reports-that-putin-aims-to-escalate-war-despite-cia-warning-ukraine-battlefield-update-day-1645/|https://tribune.com.pk/story/2626042/russian-intelligence-chief-confirms-meeting-with-cia-director-during-moscow-visit|https://www.alternet.org/trump-psychology-2677780123/|https://www.cbc.ca/news/world/ratcliffe-moscow-visit-kremlin-trump-9.7321655|https://www.usatoday.com/story/news/world/2026/08/26/cia-directors-secretive-visit-moscow-stirs-mystery/91471848007/|https://www.repubblica.it/esteri/2026/08/27/news/putin_vuole_colpo_di_grazia_per_piegare_ucraina_armi_nucleari_tattiche-425549077/|https://www.danas.rs/svet/sergeja-nariskin-rusija-cia/|https://www.reuters.com/world/europe/russias-foreign-spy-chief-confirms-he-held-talks-with-cia-director-moscow-2026-08-27/|https://news.err.ee/1610120740/estonia-s-threat-assessment-has-not-changed-says-foreign-minister|https://www.digi24.ro/stiri/actualitate/oana-toiu-a-comentat-la-cnn-vizita-sefului-cia-la-moscova-am-spus-intotdeauna-ca-avem-nevoie-de-o-coordonare-cu-ucraina-3924025|https://www.lalibre.be/international/europe/guerre-ukraine-russie/2026/08/27/le-kremlin-rejette-les-histoires-alarmistes-des-medias-americains-apres-la-visite-du-directeur-de-la-cia-a-moscou-UXYMX6KL5FFZ3OVZ46VXQJFP5Y/|https://www.lrt.lt/naujienos/lietuvoje/2/3034119/del-cza-vadovo-vizito-i-maskva-laurynas-kasciunas-prasys-sukviesti-seimo-nsgk-posedi|https://g1.globo.com/mundo/noticia/2026/08/25/o-que-pode-estar-por-tras-da-visita-do-diretor-da-cia-a-moscou.ghtml|https://www.straitstimes.com/world/europe/russias-foreign-spy-chief-confirms-he-held-talks-with-cia-director-in-moscow|https://www.aa.com.tr/en/world/russian-intelligence-chief-confirms-meeting-with-cia-director-during-moscow-visit/4038999|https://kurier.at/politik/ausland/cia-moskau-nato-warnung-putin-angriff/403186612|https://www.focus.de/politik/ausland/c-17-der-us-luftwaffe-statt-diplomatenflugzeug-was-uns-die-cia-mission-in-moskau-verraet_815536e7-f509-475c-993b-9cdb530f0891.html|https://www.rd.nl/a/1160566-cia-baas-waarschuwde-rusland-confrontatie-met-navo-niet-te-zoeken|https://theconservativetreehouse.com/blog/2026/08/26/the-other-half-of-the-story-cia-director-john-ratcliffes-visit-to-moscow/|https://newsaddicts.com/revelations-behind-cia-directors-secret-moscow-visit/|https://www.epochtimes.com/b5/26/8/26/n14837434.htm|https://glavcom.ua/columns/olrxiykopytko/navishcho-retkliff-litav-do-moskvi-ssha-poperedili-putina-pro-zahrozu-rezhimu-1139127.html|https://www.cnnbrasil.com.br/internacional/chefe-da-espionagem-russa-confirma-reuniao-com-diretor-da-cia-em-moscou/|https://zn.ua/europe/estonija-ne-izmenila-otsenku-uhrozy-so-storony-rf-posle-vizita-direktora-tsru-v-moskvu.html|https://www.quotidiano.net/esteri/lintelligence-usa-teme-lescalation-di-mosca-il-capo-della-cia-ha-avvertito-la-russia-di-non-attaccare-paesi-nato-lv5tt1h8|https://n1info.rs/svet/sef-ruske-spoljne-obavestajne-sluzbe-potvrdio-da-se-sastao-sa-direktorom-cia/|https://zambianobserver.com/cia-chief-seeks-breakthrough-in-ukraine-war-secret-moscow-talks/|https://redir.folha.com.br/redir/online/mundo/rss091/*https://www1.folha.uol.com.br/mundo/2026/08/chefe-da-cia-discutiu-crise-com-a-otan-em-viagem-a-russia.shtml|https://hnonline.sk/svet/96299017-chysta-rusko-eskalaciu-proti-nato-co-vieme-o-tajnej-ceste-sefa-cia-do-moskvy|https://www.vg.no/nyheter/i/8p7bXA/eu-var-ikke-informert-om-cias-besoek-i-moskva|https://apps.apple.com/app/apple-store/id1324203419?pt=107503821&ct=unknown&mt=8|https://play.google.com/store/apps/details?id=com.checkitt&referrer=utm_source%3Dunknown
https://ground.news/article/russia-says-it-could-strike-uk-military-targets-in-response-to-ukrainian-strikes-using-british-missiles,Russia says it could strike UK military targets in response to Ukrainian strikes using British missiles,"Maria Zakharova said  Britain could face strikes on military sites after Ukraine used British missiles in attacks on Russian territory, Reuters reported.",73,12,20,10,15 minutes ago,48% Right,https://www.hna.de/politik/russland-droht-mit-angriffen-auf-britische-militaerziele-zr-94463376.html|https://www.sozcu.com.tr/rusya-dan-dunyayi-tedirgin-eden-mesaj-avrupa-ulkesini-acik-acik-tehdit-etti-p353245|https://www.cumhuriyet.com.tr/dunya/rusya-dan-ingiltere-ye-sert-tehdit-askeri-tesisler-hedef-alinabilir-2532903|https://economictimes.indiatimes.com/news/defence/russia-says-it-could-strike-uk-military-targets-in-response-to-kyivs-use-of-british-missiles/articleshow/133571766.cms|https://www.danas.rs/svet/rusija-zapretila-velikoj-britaniji-zaharova/|http://www.uawire.org/russia-warns-uk-of-possible-strikes-over-missile-supplies-to-ukraine|https://www.huffingtonpost.co.uk/entry/putin-british-military-targets-threats-ukraine_uk_6a9010ede4b02b26136f264f|https://www.independent.co.uk/news/uk/politics/russia-uk-threat-ukraine-war-b3040189.html|https://www.sueddeutsche.de/politik/ukraine-krieg-newsblog-russland-grossbritannien-frankreich-drohung-li.3524928|https://www.aljazeera.com/news/2026/8/27/russia-warns-it-could-target-uk-in-response-to-kyiv-firing-british-missiles|https://hotnews.ro/rusia-ameninta-o-importanta-tara-nato-cu-lovituri-impotriva-sa-din-cauza-noului-ajutor-acordat-kievului-2334779|https://www.reuters.com/world/europe/russia-says-it-could-strike-uk-military-targets-response-ukrainian-strikes-using-2026-08-27/|https://www.scmp.com/news/world/russia-central-asia/article/3365470/russia-lashes-out-uk-france-over-ukraine-missile-technology-transfer|https://www.rte.ie/news/world/2026/0827/1589416-ukraine-russia/|https://www.digi24.ro/stiri/externe/rusia-ameninta-ca-va-ataca-obiective-militare-britanice-din-ucraina-zaharova-regatul-unit-si-franta-se-joaca-cu-focul-3924105|https://www.elperiodico.com/es/internacional/20260827/rusia-avisa-ataques-objetivos-reino-unido-133707569|https://www.express.co.uk/news/world/2242980/russia-sends-horror-threat-strike|https://g1.globo.com/mundo/noticia/2026/08/27/russia-diz-que-franca-e-reino-unido-brincam-com-fogo-ao-dar-armas-a-ucrania.ghtml|https://www.straitstimes.com/world/europe/russia-says-it-could-strike-uk-military-targets-in-response-to-ukrainian-strikes-using-british|https://www.thesun.co.uk/news/40187399/russia-threatens-uk-military-targets-putin-britain/|https://www.zerohedge.com/geopolitical/moscow-warns-it-could-target-british-military-facilities-unprecedented-statement|https://www.tvp.info/95056732/rosja-msz-mozliwe-ataki-na-brytyjskie-cele-wojskowe-w-ukrainie-i-poza-nia|https://nemosnewsnetwork.com/moscow-warns-it-could-target-british-military-facilities-in-unprecedented-statement/|https://www.noticiasaominuto.com/mundo/3042401/ucrania-russia-ameaca-atacar-reino-unido-em-resposta-ao-uso-de-misseis-britanicos-por-kiev|https://www.aydinlik.com.tr/haber/rusya-ukraynanin-saldirilarina-yanit-olarak-ingiliz-askeri-tesisleri-hedef-alinabilir-587958|https://glavcom.ua/world/world-politics/velika-britanija-stala-dlja-rf-vorohom-1-bloomberg-pro-zahrozi-dlja-londona-cherez-pidtrimku-ukrajini-1138846.html|https://www.cnnbrasil.com.br/internacional/russia-diz-que-pode-atacar-alvos-militares-do-reino-unido/|https://sicnoticias.pt/especiais/guerra-russia-ucrania/2026-08-27-video-russia-ameaca-atacar-alvos-militares-britanicos-dentro-ou-fora-da-ucrania-db4ed564|https://dorzeczy.pl/swiat/934579/zacharowa-rosja-moze-zaatakowac-brytyjskie-cele-wojskowe-na-ukrainie-i-poza-nia.html|https://www.informacion.es/internacional/2026/08/27/rusia-avisa-ataques-objetivos-reino-unido-133707566.html|https://www.eleconomista.com.mx/internacionales/rusia-amenaza-atacar-objetivos-militares-reino-unido-ucrania-misiles-britanicos-20260827-830499.html|https://www.larepublica.co/globoeconomia/rusia-amenaza-con-atacar-objetivos-militares-de-reino-unido-por-uso-de-ucrania-de-misiles-4468244|https://www.ertnews.gr/eidiseis/rosia-proeidopoiisi-pros-vretania-gia-pligmata-se-stratiotikous-stoxous-paizete-me-ti-fotia/|https://apps.apple.com/app/apple-store/id1324203419?pt=107503821&ct=unknown&mt=8|https://play.google.com/store/apps/details?id=com.checkitt&referrer=utm_source%3Dunknown
https://ground.news/article/the-government-is-urged-to-urgently-support-the-metallurgy-after-the-attack-on-zaporozhstal_720d1d,The Government Is Urged to Urgently Support the Metallurgy After the Attack on “Zaporozhstal”,"The industry is approaching a critical point Russian troops have again launched a missile attack on Zaporozhstal. Against the background of shelling, the blocking of ports, the rise in the cost of railway logistics and new export restrictions, the Ukrainian metallurgy industry is in a critical situation and needs urgent government decisions. This was reported by RBC-Ukraine with reference to the post of Musa Magomedov, head of the Subcommittee o…",2,1,0,0,7 hours ago,100% Left,https://www.rbc.ua/ukr/news/vorog-znovu-vdariv-zaporizhstali-uryad-zaklikayut-1787827107.html|https://glavcom.ua/country/incidents/novij-udar-po-zaporizhstali-deputat-zaklikav-urjad-terminovo-pidtrimati-metalurhiju-1139158.html|https://apps.apple.com/app/apple-store/id1324203419?pt=107503821&ct=unknown&mt=8|https://play.google.com/store/apps/details?id=com.checkitt&referrer=utm_source%3Dunknown
https://ground.news/article/teacher-of-oscar-winning-russian-filmmaker-behind-mr-nobody-against-putin-calls-him-a-traitor,Teacher of Oscar-Winning Russian Filmmaker Behind ‘Mr. Nobody Against Putin’ Calls Him a Traitor,"By Jekaterina Golubkova Aug 27 (Reuters) - Pavel Talankin, who filmed how one Russian school tried to justify the war in Ukraine to its students in a clandestine project for the Oscar-winning ""Mr. ​Nobody Against Putin"", was guilty of treachery, his fo...",2,0,1,1,8 hours ago,"50% Center, 50% Right",https://wtvbam.com/2026/08/27/teacher-of-oscar-winning-russian-filmmaker-behind-mr-nobody-against-putin-calls-him-a-traitor/|https://www.straitstimes.com/asia/teacher-of-oscar-winning-russian-filmmaker-behind-mr-nobody-against-putin-calls-him-a-traitor|https://apps.apple.com/app/apple-store/id1324203419?pt=107503821&ct=unknown&mt=8|https://play.google.com/store/apps/details?id=com.checkitt&referrer=utm_source%3Dunknown
https://ground.news/article/russian-drone-destroys-115-year-old-church-in-chernihiv-region,The Russian Federation Destroyed a 115-Year-Old Church in the Chernihiv Region: What Makes Its History Unique,"How did the pre-revolutionary shrine survive World War II and Soviet times? On August 26, 2026, Russian troops attacked St. Nicholas Church in the village of Gorsk in the Chernihiv region. The historic building burned to the ground. Read more about the destruction of the church, as well as its history and significance for local residents, in the RBC-Ukraine article below. The main thing: 
 Enemy strike: On August 26, 2026, a Russian Molnia-class…",2,1,0,0,7 hours ago,100% Left,https://www.rbc.ua/ukr/news/rf-znishchila-115-richniy-hram-u-chernigivskiy-1787831070.html|https://glavcom.ua/country/incidents/rosijskij-dron-znishchiv-115-richnu-tserkvu-na-chernihivshchini-1139162.html|https://apps.apple.com/app/apple-store/id1324203419?pt=107503821&ct=unknown&mt=8|https://play.google.com/store/apps/details?id=com.checkitt&referrer=utm_source%3Dunknown
https://ground.news/article/putin-wants-to-attack-the-baltic-countries-the-kremlin-can-use-nuclear-weapons-the-authorities-against-kanye,"Putin Wants to Attack the Baltic Countries, the Kremlin Can Use Nuclear Weapons, the Authorities Against Kanye","Russia could test NATO by means of a small-scale attack, and in the United States there is an accusation that a nuclear weapon is being used against Iran.",2,0,0,0,3 hours ago,No sources with tracked biases.,https://tvrain.tv/teleshow/utro_na_dozhde/news-270826-09-575293/|https://stirileprotv.ro/stiri/international/rusia-ar-putea-testa-nato-in-zona-balticii-in-sua-se-vorbeste-si-despre-un-posibil-atac-nuclear-asupra-iranului.html|https://apps.apple.com/app/apple-store/id1324203419?pt=107503821&ct=unknown&mt=8|https://play.google.com/store/apps/details?id=com.checkitt&referrer=utm_source%3Dunknown
https://ground.news/article/the-kremlin-is-already-preparing-for-riots-security-forces-are-expanding-their-powers-before-a-new-mobilization,Russia Is Preparing for the Possible Consequences of a New Mobilization – GUR and SZR,"Russia is preparing for the possible consequences of a new mobilization - GUR and SZRR Intelligence reports on the preparation of the Russian Federation for a new mobilization and increased coercive measures. Decisions may be made after the elections
September 18–20.",2,1,0,0,7 hours ago,100% Left,https://unn.ua/news/rosiia-hotuietsia-do-mozhlyvykh-naslidkiv-novoi-mobilizatsii-hur-ta-szr|https://tsn.ua/svit/u-kremli-vze-hotuiutsia-do-buntiv-sylovykiv-posyliuiut-pered-novoiu-mobilizatsiyeiu-3156785.html|https://apps.apple.com/app/apple-store/id1324203419?pt=107503821&ct=unknown&mt=8|https://play.google.com/store/apps/details?id=com.checkitt&referrer=utm_source%3Dunknown
https://ground.news/article/where-can-russian-athletes-compete-after-the-iocs-provisional-ban-lift_663f5a,Where Can Russian Athletes Compete After the IOC’s Provisional Ban Lift?,Russia’s return to international sports competition was already well underway long before the International Olympic Committee (IOC) provisionally lifted its ban on the Russian and Belarusian Olympic Committees this July.,2,0,0,1,5 hours ago,100% Center,https://www.themoscowtimes.com/2026/08/27/where-can-russian-athletes-compete-after-the-iocs-provisional-ban-lift-a93324|https://www.diariopanorama.com/noticia/564445/paso-paso-rusia-retorna-al-deporte-mundial|https://apps.apple.com/app/apple-store/id1324203419?pt=107503821&ct=unknown&mt=8|https://play.google.com/store/apps/details?id=com.checkitt&referrer=utm_source%3Dunknown
https://ground.news/article/russia-plans-to-mobilize-additional-300-000-in-2026-300-000-in-2027,Ukraine Reveals Latest Intelligence on Russia’s Mobilization Plans,Kyiv has been vocal in recent weeks about the threat of another wave of Russian mobilization.,12,4,0,1,5 hours ago,80% Left,https://kyivindependent.com/ukraine-reveals-new-russian-mobilization-claims/|https://unn.ua/news/rf-planuie-dodatkovu-mobilizatsiiu-na-600-tysiach-liudei-u-2026-2027-rokakh-rozvidka|https://www.ladepeche.fr/2026/08/27/direct-guerre-en-ukraine-volodymyr-zelensky-a-rendu-visite-a-ses-troupes-sur-le-terrain-et-leur-part-de-sa-gratitude-13523854.php|https://www.rbc.ua/ukr/news/rosiya-gotue-mobilizatsiyu-600-tisyach-lyudey-1787822730.html|https://dorzeczy.pl/swiat/934591/wielka-mobilizacja-rosji-ukrainski-wywiad-o-planach-putina.html|https://www.rp.pl/konflikty-zbrojne/art45063091-rosja-traci-wiecej-zolnierzy-niz-rekrutuje-w-planach-wielka-mobilizacja|https://nv.ua/ukr/world/countries/mobilizaciya-v-rosiji-2026-2027-moskva-planuye-prizvati-600-tisyach-lyudey-50636093.html|https://babel.ua/news/129683-rozvidka-rosiya-gotuyetsya-mobilizuvati-do-600-tisyach-lyudey-u-2026-2027-rokah|https://gazeta.ua/articles/politics/_mobilizuyut-600-tisyach-protyagom-2026-ta-2027-rokiv-v-gur-ta-szr-ogolosili-plani-mobilizaciyi-v-rosiyi/1257460|https://en.lb.ua/news/2026/08/27/40548_ukrainian_intelligence_briefs.html|https://www.5.ua/svit/rosiia-planuie-mobilizatsiiu-zasudzhenykh-zhinok-u-hur-rozkryly-podrobytsi-382353.html|https://apps.apple.com/app/apple-store/id1324203419?pt=107503821&ct=unknown&mt=8|https://play.google.com/store/apps/details?id=com.checkitt&referrer=utm_source%3Dunknown
https://ground.news/article/poland-attacks-the-czech-republic-but-from-moscow_0bd692,Poland Attacks the Czech Republic. But From Moscow.,"As reported by Czech media and NASK, an operation was underway in Poland and the Czech Republic, attempting to sow hostility—or at least distrust—between Poles and Czechs. These were likely the work of foreign intelligence agencies. Artificial intelligence, among other things, was used in the operation. The prime ministers of both countries addressed the matter.",8,2,0,0,1 hour ago,100% Left,https://www.sme.sk/komentare/c/polsko-utoci-na-cesko-lenze-z-moskvy?utm_source=rss&utm_medium=feed&utm_campaign=www-rss-title|https://tvn24.pl/polska/za-pomoca-ai-chcieli-poroznic-polakow-i-czechow-chodzilo-o-zaolzie-st9208526|https://dennikn.sk/5527274/niekto-sa-pokusa-pohnevat-cechov-proti-poliakom-analytik-vysvetluje-preco-podozrenie-smeruje-k-rusku/|https://archiv.hn.cz/c1-67922000-cesko-polske-sblizeni-poslednich-let-vypada-jako-hrozba-pro-koho-asi|https://www.wprost.pl/kraj/12424686/rosjanie-probuja-sklocic-polske-z-czechami-msz-pisze-o-proukrainskiej-koalicji.html|https://ct24.ceskatelevize.cz/clanek/svet/dezinformacni-kampan-se-snazi-narusit-cesko-polske-vztahy-376994|https://hnonline.sk/svet/96298946-poliaci-sa-nechystaju-zabrat-ceske-uzemie-za-sirenim-falosnych-sprav-mozu-stat-ruske-tajne-sluzby|https://www.ceskenoviny.cz/zpravy/2866234|https://apps.apple.com/app/apple-store/id1324203419?pt=107503821&ct=unknown&mt=8|https://play.google.com/store/apps/details?id=com.checkitt&referrer=utm_source%3Dunknown
https://ground.news/article/viktor-taran-the-kremlins-nuclear-bluff-or-why-the-scary-button-will-not-change-the-course-of-the-war,Taran: Tactical Nuclear Weapons Ineffective in Modern Warfare,"When a person hears the words “nuclear weapons”, he imagines a destroyed city and a mushroom over the horizon. But this is about a full-fledged nuclear bomb. With tactical nuclear weapons, the situation is slightly different.Tactical charge works in exactly the same way, just it is much smaller in power. We are talking about fractions of a kiloton or a few tens of kilotons.The bomb that destroyed Hiroshima was about fifteen kilotons. It turns ou…",2,0,0,0,21 minutes ago,No sources with tracked biases.,https://espreso.tv/poglyad-do-pitannya-yadernoi-zbroi-perelomu-na-fronti-tse-ne-dast-zhodnogo|https://news.obozrevatel.com/ukr/abroad/yadernij-blef-kremlya-abo-chomu-strashna-knopka-ne-zminit-hid-vijni.htm|https://apps.apple.com/app/apple-store/id1324203419?pt=107503821&ct=unknown&mt=8|https://play.google.com/store/apps/details?id=com.checkitt&referrer=utm_source%3Dunknown
https://ground.news/article/russian-submarines-lighted-in-british-waters,Submarines of the Russian Federation “Lit up” in the Waters of the UK,"Join millions of well-informed readers who use Ground to compare coverage, check their news blindspots, and challenge their worldview.",2,1,0,0,9 hours ago,100% Left,https://tsn.ua/svit/pidvodni-chovny-rf-zasvitylys-u-vodakh-velykoyi-brytaniyi-shcho-vidomo-3156644.html|https://charter97.org/ru/news/2026/8/27/696261/|https://apps.apple.com/app/apple-store/id1324203419?pt=107503821&ct=unknown&mt=8|https://play.google.com/store/apps/details?id=com.checkitt&referrer=utm_source%3Dunknown
https://ground.news/article/totalenergies-is-definitively-withdrawing-from-the-arctic-lng-2-project-transferring-its-stake-to-a-subsidiary-of-russian-novatek,TotalEnergies Exits Russia’s Sanctioned Arctic LNG 2 Project,"TotalEnergies said it completed the transfer of its 10% stake in the sanctioned Russian Arctic LNG 2 export facility, and that it may be reimbursed ~$1.3B for loans to the project.",14,1,2,2,2 hours ago,"40% Center, 40% Right",https://oilprice.com/Latest-Energy-News/World-News/TotalEnergies-Exits-Russias-Sanctioned-Arctic-LNG-2-Project.html|https://seekingalpha.com/news/4637547-totalenergies-completes-exit-from-russias-arctic-lng-2-eyes-1_3b-loan-repayment|https://www.lemonde.fr/economie/article/2026/08/27/totalenergies-reduit-son-exposition-au-gaz-russe-mais-ne-se-desengage-pas_6758481_3234.html|https://www.themoscowtimes.com/2026/08/27/totalenergies-exits-arctic-lng-2-project-a93592|https://www.freemalaysiatoday.com/category/business/2026/08/27/totalenergies-exits-russian-arctic-lng-project|https://www.sankei.com/article/20260827-N6COFLUEWBMW5BK5WE5FJAMIYE/|https://hnonline.sk/finweb/zahranicna-ekonomika/96299052-totalenergies-definitivne-odchadza-z-projektu-arctic-lng-2-podiel-previedla-na-dceru-ruskeho-novateku|https://www.portfolio.hu/uzlet/20260827/vege-a-vergodesnek-kiszallt-az-orosz-oriasprojektbol-a-totalenergies-858592|https://www.stocktitan.net/news/TTE/total-energies-completes-the-transfer-of-its-10-interest-in-arctic-pzwuefv4qs3g.html|https://www.haberler.com/ekonomi/totalenergies-rusya-daki-arctic-lng-2-projesinden-20180929-haberi/|https://www.rigzone.com/news/totalenergies_exits_arctic_lng_2-27-aug-2026-184470-article/|https://elperiodicodelaenergia.com/totalenergies-cede-a-novatek-su-10-en-el-proyecto-arctic-lng-2-en-rusia-bajo-sanciones/|https://splash247.com/totalenergies-cuts-final-ties-with-arctic-lng-2/|https://www.lngindustry.com/liquid-natural-gas/27082026/totalenergies-transfer-its-10-interest-in-arctic-lng-2/|https://apps.apple.com/app/apple-store/id1324203419?pt=107503821&ct=unknown&mt=8|https://play.google.com/store/apps/details?id=com.checkitt&referrer=utm_source%3Dunknown
https://ground.news/article/russia-uses-single-use-agents-for-attacks-in-europe-bis-says-in-report,"Russia Uses Single-Use Agents for Attacks in Europe, BIS Says in Report","So-called ""disposable agents"" are hired for various sabotage and other attacks across Europe coordinated from Russia. They are often inexperienced amateurs, people from lower social classes or with a criminal past, whose motivation is money. Their number is constantly growing, as is the demand for them on social networks. This was stated by the Security Information Service (BIS) in its annual report for last year published on Thursday. However, …",2,1,0,0,11 hours ago,100% Left,https://www.novinky.cz/clanek/domaci-rusko-vyuziva-pro-utoky-v-evrope-agenty-na-jedno-pouziti-pise-bis-ve-zprave-40594595|https://denikn.cz/2165631/rusko-chce-ukazat-evropu-v-plamenech-obrazne-i-doslova-varuje-bis/|https://apps.apple.com/app/apple-store/id1324203419?pt=107503821&ct=unknown&mt=8|https://play.google.com/store/apps/details?id=com.checkitt&referrer=utm_source%3Dunknown
https://ground.news/article/frequent-drone-dispatches-to-europe-and-cyber-attacks-russias-hybrid-warfare-reaches-dangerous-levels,Russia's Escalating Hybrid Attacks Put Europeans in a Bind,"Russia Frequently Sending Drones to Europe and Launching Cyber Attacks; U.S. Congressional Research Service Report: Hybrid Warfare at Dangerous Levels, Becoming Increasingly Powerful",2,0,1,1,32 minutes ago,"50% Center, 50% Right",https://www.chosun.com/international/europe/2026/08/28/DG5HJKKR65D5BPUAYUFOT4WW4U/|https://www.bloomberg.com/news/articles/2026-08-26/russia-is-escalating-hybrid-attacks-and-europe-has-no-answer|https://apps.apple.com/app/apple-store/id1324203419?pt=107503821&ct=unknown&mt=8|https://play.google.com/store/apps/details?id=com.checkitt&referrer=utm_source%3Dunknown
https://ground.news/article/two-ozon-warehouses-in-orenburg-and-bashkortostan-have-been-attacked,Ukrainian Drones Attack Ozon Warehouses in Overnight Barrage,"Ozon said both sites were evacuated, with no injuries reported, as the Ufa warehouse remained closed after minor damage.",,,,,,,https://www.ilpost.it/2026/08/27/ozon-attacchi-ucraina-russia-e-commerce/|https://kyivindependent.com/russian-e-commerce-giant-ozon-reports-ukrainian-attacks-on-facilities-in-ufa-orenburg/|https://www.novinky.cz/clanek/valka-na-ukrajine-ukrajinci-zautocili-na-sklady-spolecnosti-ozon-v-ufe-a-orenburgu-zasah-dostala-i-rafinerie-40594707|https://www.themoscowtimes.com/2026/08/27/ukrainian-drones-attack-ozon-warehouses-in-overnight-barrage-a93583|https://meduza.io/en/news/2026/08/27/ukrainian-drones-attack-ozon-warehouses-in-two-russian-cities|https://zona.media/news/2026/08/27/02|https://www.err.ee/1610120551/meedia-venemaal-baskortostanis-poleb-ozoni-logistikakeskus|https://korrespondent.net/world/russia/4906522-drony-atakovaly-sklady-Ozon-v-dvukh-horodakh-rossyy|https://n1info.rs/svet/kompanija-ozon-privremeno-zatvoren-logisticki-kompleks-pogodjen-ukrajinskim-dronom/|https://espreso.tv/svit-dron-atakuvav-naybilshiy-logistichniy-kompleks-ozon-u-bashkortostani|https://nv.ua/ukr/world/countries/ozon-v-ufi-atakuvali-droni-video-pozhezh-u-bashkortostani-27-serpnya-50636054.html|https://news.liga.net/ua/war/news/lohistychnyy-kompleks-ozon-v-ufi-prypynyv-robotu-pislia-ataky-droniv|https://tvrain.tv/news/atakovany-dva-sklada-ozon-v-orenburge-i-bashkortostane-575292/|https://sundayguardianlive.com/world/russia-ukraine-war-latest-news-kremlin-warns-of-harsh-retaliation-for-energy-attacks-ukraine-attacks-2-facilities-of-russian-retail-giant-ozon-271136/|https://istories.media/news/2026/08/27/sterlitamak-v-bashkortostane-popal-pod-udari-bpla/|https://apps.apple.com/app/apple-store/id1324203419?pt=107503821&ct=unknown&mt=8|https://play.google.com/store/apps/details?id=com.checkitt&referrer=utm_campaign%3Dunknown
https://ground.news/article/are-nato-and-russia-on-the-brink-of-war-glenn-diesen-with-judge-napolitano,When Is A When Is A War Not A War? Russia’s Hybrid Attacks Could Divide NATO,"There are increasingly loud warnings about the danger coming from Western intelligence services, culminating this month in a warning that Russia may be preparing to attack NATO.",3,1,0,1,2 hours ago,"50% Left, 50% Center",https://www.newsweek.com/war-russia-hybrid-divide-nato-12373756|https://www.danas.rs/svet/margarita-kvostova-amelia-hadfild-rusija-nato/|https://www.lacasademitia.es/articulo/politica/estan-otan-rusia-borde-guerra-glenn-diesen-juez-napolitano/20260827065342195659.html|https://apps.apple.com/app/apple-store/id1324203419?pt=107503821&ct=unknown&mt=8|https://play.google.com/store/apps/details?id=com.checkitt&referrer=utm_source%3Dunknown
https://ground.news/article/tatiana-kim-for-the-fifth-time-led-the-ranking-of-russias-richest-women-in-forbes,Wildberries Founder Tatyana Kim Russia's Richest Women Again for Fifth Time,Forbes Russia said the number of female billionaires fell to four as falling share prices and drone strikes cut the group’s wealth by $6.8 billion.,5,1,0,1,6 hours ago,"50% Left, 50% Center","https://www.intellinews.com/wildberries-founder-tatyana-kim-russia-s-richest-women-again-for-fifth-time-464006/|https://meduza.io/en/news/2026/08/27/wildberries-ceo-tatyana-kim-still-tops-forbes-list-of-russia-s-richest-women-despite-losing-2-billion-amid-ukrainian-strikes-on-the-company-s-warehouses|https://novayagazeta.eu/articles/2026/08/27/tatiana-kim-poteriala-dva-mlrd-dollarov-iz-za-atak-po-wildberries-news|https://www.rmf24.pl/fakty/ekonomia/news-oto-najbogatsze-rosjanki-liderka-stracila-na-atakach-ukrainy,nIdn,1015297|https://tvrain.tv/news/tatjana-kim-v-pjatyj-raz-vozglavila-rejting-bogatejshih-zhenschin-rossii-po-versii-forbes-575291/|https://apps.apple.com/app/apple-store/id1324203419?pt=107503821&ct=unknown&mt=8|https://play.google.com/store/apps/details?id=com.checkitt&referrer=utm_source%3Dunknown"
https://ground.news/article/actor-yuri-tsurilo-died,"The Famous Russian Actor Yuri Tsurilo, Who Played More than 140 Film Roles, Has Died.",Russian actor Yuri Tsurilo has died at the age of 79. This was announced on Instagram by his son Vsevolod.,4,1,1,0,6 hours ago,"50% Left, 50% Right",https://eadaily.com/en/news/2026/08/27/the-famous-russian-actor-yuri-tsurilo-who-played-more-than-140-film-roles-has-died|https://meduza.io/news/2026/08/27/umer-akter-yuriy-tsurilo|https://rtvi.com/news/umer-akter-sygravshij-ilyu-muromcza-v-poslednem-bogatyre/|https://tvrain.tv/news/umer-akter-jurij-tsurilo-575289/|https://apps.apple.com/app/apple-store/id1324203419?pt=107503821&ct=unknown&mt=8|https://play.google.com/store/apps/details?id=com.checkitt&referrer=utm_source%3Dunknown
https://ground.news/article/in-russia-both-natural-gas-and-lng-production-increased-year-on-year-this-year,"In Russia, Both Natural Gas and LNG Production Increased Year-on-Year This Year.","LNG production rose by 12 percent to 20.6 million tons between January and July.
The post Natural gas and LNG production in Russia both increased year-on-year this year first appeared on 24.hu.",2,0,0,0,7 hours ago,No sources with tracked biases.,https://24.hu/kulfold/2026/08/27/oroszorszag-foldgaz-lng-nott/|https://www.economx.hu/gazdasag/2026/08/27/oroszorszag-lng-foldgaztermeles/|https://apps.apple.com/app/apple-store/id1324203419?pt=107503821&ct=unknown&mt=8|https://play.google.com/store/apps/details?id=com.checkitt&referrer=utm_source%3Dunknown
https://ground.news/article/cia-chief-in-moscow-what-are-they-secretly-deciding-stefanchuk-diplomat-and-fedorov-uncensored-video,CIA chief in Moscow. What are they secretly deciding? / Stefanchuk diplomat and Fedorov / Uncensored. VIDEO,United States intelligence agencies operating abroad and often responsible for quite delicate missions. Just like the trip from Director Ratcliffe to Moscow.,2,2,0,0,7 hours ago,100% Left,https://censor.net/en/videonews/4020392/secret-negotiations-in-russia-and-fedorov-s-reform-proposals-analysis-by-danyliuk-yarmolaieva|https://www.sueddeutsche.de/meinung/cia-usa-russland-ratcliffe-lexikon-li.3537982|https://apps.apple.com/app/apple-store/id1324203419?pt=107503821&ct=unknown&mt=8|https://play.google.com/store/apps/details?id=com.checkitt&referrer=utm_source%3Dunknown
https://ground.news/article/the-state-duma-announced-the-loss-of-fish-stocks-in-the-rivers-of-the-tyumen-region,The State Duma announced the loss of fish stocks in the rivers of the Tyumen region,"In a number of rivers flowing in the Tyumen region, fish have almost completely disappeared. Fish stocks are completely lost in the rivers Tour and Tobol, partly in Irtysh, Tavda and Iseti.",2,0,1,0,4 hours ago,100% Right,https://eadaily.com/en/news/2026/08/27/the-state-duma-announced-the-loss-of-fish-stocks-in-the-rivers-of-the-tyumen-region|https://tvrain.tv/news/v-dvuh-rekah-tjumenskoj-oblasti-posle-pavodka-pogibla-vsja-ryba-575314/|https://apps.apple.com/app/apple-store/id1324203419?pt=107503821&ct=unknown&mt=8|https://play.google.com/store/apps/details?id=com.checkitt&referrer=utm_source%3Dunknown
https://ground.news/article/russia-has-up-to-17-converted-s-400-launchers-for-strikes-with-rm-48u-missiles-on-ukraine,Russia Has up to 17 Converted S-400 Launchers for Strikes with RM-48U Missiles on Ukraine,"The Russian Federation has up to 17 converted S-400 launchers for strikes with RM-48U missiles on Ukraine. The Russian Federation has created five groups of up to 17 converted S-400 launchers for strikes on Ukraine. In 20 days of July, 46 RM-48U missiles were used.",2,1,0,0,9 hours ago,100% Left,https://unn.ua/news/rf-maie-do-17-pereobladnanykh-puskovykh-s-400-dlia-udariv-raketamy-rm-48u-po-ukraini|https://tsn.ua/ukrayina/400-raket-u-zapasi-ta-novi-puskovi-ustanovky-rf-naroshchuye-nebezpechnu-zbroiu-proty-ukrayiny-3156833.html|https://apps.apple.com/app/apple-store/id1324203419?pt=107503821&ct=unknown&mt=8|https://play.google.com/store/apps/details?id=com.checkitt&referrer=utm_source%3Dunknown
https://ground.news/article/warned-against-attacking-nato-countries,Warned Against Attacking NATO Countries,"News from the media about Russia's alleged intention to attack NATO ""has nothing to do with reality"" and they are just ""scares."" This is what the spokesman for the Kremlin, Dmitry Peskov, quoted by Ria Novosti. (ANSA). (ANSA)",2,0,0,1,9 hours ago,100% Center,https://www.smp.no/nyheter/n/WveQna/nattens-viktigste-nyheter|https://www.ansa.it/sito/notizie/topnews/2026/08/27/cremlino-noi-attaccare-la-nato-niente-di-vero-solo-spauracchi_156552ed-b7ec-414d-88c8-3ca4381b428f.html|https://apps.apple.com/app/apple-store/id1324203419?pt=107503821&ct=unknown&mt=8|https://play.google.com/store/apps/details?id=com.checkitt&referrer=utm_source%3Dunknown
https://ground.news/article/war-in-ukraine-russian-alternative-to-starlink-has-lead-in-the-wing-3-satellites-of-the-program-rassvet-disintegrated,"War in Ukraine: Russian Alternative to Starlink Has Lead in the Wing, 3 Satellites of the Program ""Rassvet"" Disintegrated","The Russian satellite constellation project Rassvet, designed to compete with Starlink, encounters serious obstacles. After a first device disintegrated into the atmosphere in June, two satellites sent...",2,0,0,1,5 hours ago,100% Center,https://www.lindependant.fr/2026/08/27/guerre-en-ukraine-lalternative-russe-a-starlink-a-du-plomb-dans-laile-3-satellites-du-programme-rassvet-se-sont-desintegres-13524278.php|https://www.generation-nt.com/actualites/rassvet-constellation-satellites-russie-alternative-starlink-2080241|https://apps.apple.com/app/apple-store/id1324203419?pt=107503821&ct=unknown&mt=8|https://play.google.com/store/apps/details?id=com.checkitt&referrer=utm_source%3Dunknown
https://ground.news/article/russian-soldier-shoots-grenade-into-his-own-foot-commander-rages-are-you-a-damned-idiot,Russian Soldier Shoots Grenade Into His Own Foot – Commander Rages: “Are You a Damned Idiot?”,Russia's army is struggling with personnel problems: fewer and fewer soldiers are reporting – and those who come are hardly capable of fighting.,2,0,0,1,14 hours ago,100% Center,https://www.mannheim24.de/politik-wirtschaft/russischer-soldat-feuert-rpg-auf-seine-eigenen-fuesse-zr-94461729.html|https://www.op-online.de/politik/russischer-soldat-feuert-rpg-auf-seine-eigenen-fuesse-zr-94461729.html|https://apps.apple.com/app/apple-store/id1324203419?pt=107503821&ct=unknown&mt=8|https://play.google.com/store/apps/details?id=com.checkitt&referrer=utm_source%3Dunknown
https://ground.news/article/top-commanders-to-lead-reinforcement-of-ukrainian-positions-in-donetsk-oblast-zelensky-says,Prominent Ukrainian commanders to lead defence of eastern region demanded by Russia,"Two prominent commanders will lead new groupings as Ukraine reinforces its eastern strongholds against a Russian push, officials said.",20,5,3,7,1 hour ago,47% Center,https://www.kyivpost.com/post/83225|https://www.hna.de/politik/massiver-russischer-druck-ukraine-setzt-auf-bewaehrte-kommandanten-zr-94462491.html|https://korrespondent.net/ukraine/4906560-moskva-liazhet-novaia-systema-oborony-donetchyny|https://www.dailykos.com/stories/2026/8/26/800089721/community/adaptive-indomitable-ukraines-message-to-putin-you-want-donetsk-oblast-you-go/|https://expresso.pt/guerra-ucrania/2026-08-26-zelensky-reforca-defesa-em-donetsk-com-oficiais-do-antigo-batalhao-azov-020143a9|https://euromaidanpress.com/2026/08/26/this-is-smart-war-ukraine-is-reinforcing-two-donetsk-groupings-as-russia-pushes-at-fortress-cities-azov-commanders-will-lead-both/|https://www.danas.rs/svet/zelenski-imenovao-dva-nova-komandanta-da-bi-ojacao-odbranu-donjecka/|https://censor.net/en/news/4020312/ukraine-to-reinforce-positions-in-donetsk-region|https://www.reuters.com/world/europe/prominent-ukrainian-commanders-lead-defence-eastern-region-demanded-by-russia-2026-08-26/|https://www.detroitnews.com/story/news/world/2026/08/26/prominent-ukrainian-commanders-lead-defense-eastern-region-demanded-by-russia/91475313007/|https://www.mannheim24.de/politik-wirtschaft/massiver-russischer-druck-ukraine-setzt-auf-bewaehrte-kommandanten-zr-94462491.html|https://www.thestar.com.my/news/world/2026/08/26/prominent-ukrainian-commanders-to-lead-defence-of-eastern-region-demanded-by-russia|https://www.straitstimes.com/world/europe/prominent-ukrainian-commanders-to-lead-defence-of-eastern-region-demanded-by-russia|https://n1info.rs/svet/volodimir-zelenski-andrij-bilecki-denis-prokopenko/|https://www.op-online.de/politik/massiver-russischer-druck-ukraine-setzt-auf-bewaehrte-kommandanten-zr-94462491.html|https://defence24.pl/wojna-na-ukrainie-raport-specjalny-defence24/dwa-nowe-zgrupowania-zelenski-wzmacnia-sily-w-donbasie|https://lb.ua/society/2026/08/26/761590_zelenskiy_posilimo_pozitsiyi.html|https://eaworldview.com/2026/08/ukraine-war-zelensky-visits-frontline-and-appoints-new-commanders/|https://apps.apple.com/app/apple-store/id1324203419?pt=107503821&ct=unknown&mt=8|https://play.google.com/store/apps/details?id=com.checkitt&referrer=utm_source%3Dunknown
https://ground.news/article/putin-decree-triggers-state-seizure-of-private-firms-hit-by-drone-strikes,"Russian Business Owners Just Got an Ultimatum: Stop Ukraine’s Drones Yourselves, or the State Takes Over","Russian President Vladimir Putin has signed a decree allowing the state to take control of “critical infrastructure” amid ongoing attacks by Ukraine.
Putin signed the decree on Monday, 24th August, authorizing the Russian government to temporarily run key infrastructure sites across the country that have been subjected to drone assaults by Kyiv.
In recent months, Ukraine has targeted oil and gas refineries, as well as transport, communications a…",2,0,0,1,2 hours ago,100% Center,https://nationalsecurityjournal.org/russian-business-owners-just-got-an-ultimatum-stop-ukraines-drones-yourselves-or-the-state-takes-over/|https://apps.apple.com/app/apple-store/id1324203419?pt=107503821&ct=unknown&mt=8|https://play.google.com/store/apps/details?id=com.checkitt&referrer=utm_source%3Dunknown
https://ground.news/article/daily-briefing-nepal-flash-floods-iit-delhi-protests-india-sells-petrol-to-russia,Russia-Ukraine War Latest News: Russia Imports Fuel From India Despite Being Major Oil Producer; Here’s Why,"Also in this edition, there’s an Express special about Gen Z and ‘Gen D’ politicians in India, and details of a massive $17 billion settlement by Meta.",2,1,0,0,10 hours ago,100% Left,https://sundayguardianlive.com/india/russia-ukraine-war-latest-news-russia-imports-fuel-from-india-despite-being-major-oil-producer-heres-why-271160/|https://indianexpress.com/article/live-news/daily-briefing-top-news-10851365/|https://apps.apple.com/app/apple-store/id1324203419?pt=107503821&ct=unknown&mt=8|https://play.google.com/store/apps/details?id=com.checkitt&referrer=utm_source%3Dunknown
https://ground.news/article/ukrainian-drones-target-wildberries-e-commerce-hub-in-russia_39cc49,Ukrainian Drones Target Wildberries E-Commerce Hub in Russia,"On August 26, the WTB stock fell below the nominal value (50 rubles) for the first time. 3 per cent in the day, 11 per cent in the beginning of August, since the beginning of the year.",9,3,2,0,11 hours ago,60% Left,https://www.aljazeera.com/video/newsfeed/2026/8/26/video-ukrainian-drones-target-wildberries-e-commerce-hub-in-russia|https://korrespondent.net/world/russia/4906534-aktsyy-vtb-v-rossyy-upaly-do-mynymuma-posle-udarov-po-Wildberries-y-Ozon|https://unn.ua/news/aktsii-vtb-vpaly-do-istorychnoho-minimumu-pislia-udariv-po-wildberries-ta-ozon|https://www.rbc.ua/ukr/news/aktsiyi-vtb-vpali-rekordno-nizkogo-rivnya-1787797173.html|https://english.pravda.ru/news/business/168316-ecommerce-logistics-losses/|https://www.obozrevatel.com/ekonomika-glavnaya/economy/vsu-topit-odin-iz-krupnejshih-bankov-rossii-aktsii-vtb-rekordno-obvalilis-posle-udarov-po-ozon-i-wildberries.htm|https://glavcom.ua/world/world-economy/aktsiji-odnoho-z-najbilshikh-bankiv-rosiji-vpali-do-istorichnoho-minimumu-1139077.html|https://zn.ua/war/aktsii-rossijskoho-vtb-upali-do-istoricheskoho-minimuma-iz-za-atak-ukrainskikh-dronov-na-wildberries-i-ozon.html|https://apps.apple.com/app/apple-store/id1324203419?pt=107503821&ct=unknown&mt=8|https://play.google.com/store/apps/details?id=com.checkitt&referrer=utm_source%3Dunknown
https://ground.news/article/the-eu-is-not-ready-to-escalate-the-russian-hybrid-war,,,2,0,2,0,10 hours ago,100% Right,https://korrespondent.net/world/4906486-es-ne-hotov-k-eskalatsyy-hybrydnoi-voiny-rf-smy|https://www.welt.de/videos/video6a8ff8e50c649aabd97154a1/russland-experte-umbach-putin-hat-sich-auch-entschieden-den-hybriden-krieg-gegen-europa-zu-eskalieren.html|https://apps.apple.com/app/apple-store/id1324203419?pt=107503821&ct=unknown&mt=8|https://play.google.com/store/apps/details?id=com.checkitt&referrer=utm_campaign%3Dunknown
https://ground.news/article/aloe-vera-is-beneficial-but-can-also-be-harmful,Shafaq News: Study: Aloe Vera Is Both Beneficial and Harmful.,"Join millions of well-informed readers who use Ground to compare coverage, check their news blindspots, and challenge their worldview.",2,0,0,1,11 hours ago,100% Center,https://shafaq.com/ar/%D9%85%D9%86%D9%88%D8%B9%D9%80%D8%A7%D8%AA/%D8%AF%D8%B1%D8%A7%D8%B3%D8%A9-%D8%A7%D9%84%D8%B5%D8%A8-%D8%A7%D8%B1-%D9%85%D9%81%D9%8A%D8%AF-%D9%88%D8%B6%D8%A7%D8%B1-%D9%81%D9%8A-%D8%A7%D9%84%D9%88%D9%82%D8%AA-%D9%86%D9%81%D8%B3%D9%87|https://www.alsumaria.tv/news/miscellaneous/574242/%D8%A7%D9%84%D8%B5%D8%A8%D8%A7%D8%B1-%D9%85%D9%81%D9%8A%D8%AF-%D9%88%D9%84%D9%83%D9%86%D9%87-%D9%82%D8%AF-%D9%8A%D9%83%D9%88%D9%86-%D8%B6%D8%A7%D8%B1%D8%A7|https://apps.apple.com/app/apple-store/id1324203419?pt=107503821&ct=unknown&mt=8|https://play.google.com/store/apps/details?id=com.checkitt&referrer=utm_campaign%3Dunknown
https://ground.news/article/how-ready-europe-is-for-russias-shadow-war-the-scenes-through-which-putin-can-strike-the-west,"Minute by Minute, How a Russian Attack on Europe Would Unfold","Join millions of well-informed readers who use Ground to compare coverage, check their news blindspots, and challenge their worldview.",2,0,0,1,4 hours ago,100% Center,https://inews.co.uk/news/minute-by-minute-russia-attack-europe-would-unfold-4730975|https://adevarul.ro/stiri-externe/europa/cat-de-pregatita-este-europa-pentru-razboiul-din-2552265.html|https://apps.apple.com/app/apple-store/id1324203419?pt=107503821&ct=unknown&mt=8|https://play.google.com/store/apps/details?id=com.checkitt&referrer=utm_campaign%3Dunknown
https://ground.news/article/wildberries-depot-destroyed-russia-mulls-kyiv-strikes,Wildberries Depot in Russia Is Destroyed as Ukraine Extends Its Drone Campaign,"Long-range Ukrainian drones struck a major warehouse belonging to Russia’s biggest online retailer, burning it to the ground, local authorities said Wednesday.",6,2,2,1,2 hours ago,"40% Left, 40% Right",https://www.timesdaily.com/news/world/a-wildberries-depot-in-russia-is-destroyed/article_0d48844a-f758-46dc-9bb6-33cfaa97c405.html|https://thewest.com.au/news/conflict/wildberries-depot-destroyed-russia-mulls-kyiv-strikes-c-22783887|https://www.tribdem.com/news/wildberries-depot-in-russia-is-destroyed-as-ukraine-extends-its-drone-campaign/article_f44155f1-4798-5aae-8e47-30066af47e36.html|https://tribtown.com/2026/08/26/a-wildberries-depot-in-russia-is-hit-again-and-destroyed-as-ukraine-extends-its-drone-campaign/|https://meduza.io/en/news/2026/08/26/wildberries-warehouse-in-russia-completely-destroyed-in-ukrainian-drone-attack|https://theqldr.com.au/international-news/2026/08/27/ukraine-1786/|https://apps.apple.com/app/apple-store/id1324203419?pt=107503821&ct=unknown&mt=8|https://play.google.com/store/apps/details?id=com.checkitt&referrer=utm_source%3Dunknown
https://ground.news/article/msc-halts-russian-black-sea-service-after-drone-strike_1e1788,"World’s Largest Container Shipping Company Suspends Novorossiysk Bookings After Drone Attack, Bloomberg Reports",MSC said it is monitoring security conditions and advising customers on alternative import and export arrangements as regular weekly service remains suspended.,18,2,4,2,2 hours ago,50% Right,https://unn.ua/news/topkompaniia-z-konteinernykh-perevezen-pryzupynyla-reisy-do-portu-novorosiiska-bloomberg|https://kyivindependent.com/worlds-largest-container-shipping-company-suspends-novorossiysk-bookings-after-drone-attack/|https://korrespondent.net/business/companies/4906461-krupneishyi-konteinernyi-perevozchyk-pryostanovyl-reisy-v-novorossyisk|https://valor.globo.com/empresas/noticia/2026/08/26/msc-suspende-servico-no-mar-negro-russo-apos-ataque-de-drone.ghtml|https://www.rbc.ua/ukr/news/providniy-konteynerniy-pereviznik-pokidae-1787766970.html|https://www.rd.nl/a/1160520-msc-vaart-niet-naar-russische-havenstad-aan-zwarte-zee|https://www.bloomberg.com/news/articles/2026-08-26/top-container-line-halts-russian-black-sea-service-due-to-drones|https://www.protothema.gr/world/article/1869933/vretaniki-etaireia-metaforas-anastellei-ta-dromologia-tis-sti-mauri-thalassa-meta-apo-epithesi-me-drone-se-ploio-tis/|https://glavcom.ua/economics/business/najbilshij-kontejnernij-pereviznik-svitu-zupiniv-robotu-v-novorosijsku-pislja-ataki-drona-1139086.html|https://zn.ua/WORLD/krupnejshij-kontejnernyj-perevozchik-msc-priostanovil-rejsy-v-novorossijsk.html|https://www.ertnews.gr/eidiseis/bloomberg-i-etaireia-metaforas-emporeymatokivotion-msc-anastellei-ta-dromologia-tis-pros-ti-mayri-thalassa-meta-apo-epithesi-me-drone/|https://espreso.tv/svit-odin-iz-naybilshikh-konteynernikh-pereviznikiv-svitu-zupiniv-spoluchennya-z-novorosiyskom-cherez-ataku-drona|https://gazeta.ua/articles/world-life/_najbilsha-kontejnerna-kompaniya-svitu-zupinila-rejsi-do-portu-novorosijska/1257423|https://cryptobriefing.com/msc-halts-russian-black-sea-service-drone-strike/|https://www.tradewindsnews.com/containers/black-sea-attacks-force-msc-to-halt-novorossiysk-service/2-1-2035073|https://tvrain.tv/news/krupnejshij-kontejnernyj-perevozchik-priostanovil-rejsy-v-novorossijsk-iz-za-atak-dronov-575285/|https://container-news.com/msc-suspends-novorossiysk-bookings-after-drone-attack/|https://svtv.org/news/2026-08-27/odna-iz-krupneishikh-firm-po-dostavke-tovarov/|https://apps.apple.com/app/apple-store/id1324203419?pt=107503821&ct=unknown&mt=8|https://play.google.com/store/apps/details?id=com.checkitt&referrer=utm_source%3Dunknown
https://ground.news/article/ross-was-hit-by-drones-and-dungeoned-the-robot-with-lucilles-fundamental-nhp,Ross Was Hit by Drones and Dungeoned the Robot with Lucille's Fundamental NHP.,"NORSI's NORSI from the Lower Region, kicking the naphthi of the PJ attack's slender drones. It's the plant's infrastructure of the primordial.",2,0,0,0,7 hours ago,No sources with tracked biases.,https://nv.ua/ukr/world/countries/cherez-ataki-bezpilotnikiv-zupinilisya-vsi-osnovni-naftopererobni-zavozi-lukoylu-v-rosiji-50636000.html|https://fakty.ua/477582-v-rossii-vse-osnovnye-npz-quot-lukojla-quot-ostanovili-rabotu-iz-za-povrezhdenij|https://apps.apple.com/app/apple-store/id1324203419?pt=107503821&ct=unknown&mt=8|https://play.google.com/store/apps/details?id=com.checkitt&referrer=utm_source%3Dunknown
https://ground.news/article/prisoners-who-were-taken-to-war-escaped-in-russia-what-is-known,"In the Rostov Region, Reports About the Escape of Prisoners Who Were Being Prepared to Go to War","In the Rostov region there are reports of the escape of prisoners who were being prepared to go to warIn the Rostov region, they reported the escape of prisoners who were taken to the war. There are unconfirmed reports of attacks and deaths of local
resident.",2,1,0,0,18 hours ago,100% Left,https://unn.ua/news/na-rostovshchyni-povidomliaiut-pro-vtechu-uviaznenykh-yakykh-hotuvaly-do-vidpravlennia-na-viinu|https://glavcom.ua/world/observe/u-rosiji-vtekli-uvjazneni-jakikh-vezli-na-vijnu-shcho-vidomo-1139064.html|https://apps.apple.com/app/apple-store/id1324203419?pt=107503821&ct=unknown&mt=8|https://play.google.com/store/apps/details?id=com.checkitt&referrer=utm_source%3Dunknown
https://ground.news/article/from-the-sinking-of-tankers-in-the-kerchen-strait-a-leak-resumed,"From the Sinking of Tankers in the Kerchen Strait, a Leak Resumed","Fuel oil leak from sunken tanksRecovered in Kerch Straits Satellites have detected new fuel oil stains near sunken tankers. Fuel pumping work could be suspended due to technical
difficulties.",2,1,1,0,18 hours ago,"50% Left, 50% Right",https://korrespondent.net/world/4906470-yz-zatonuvshykh-v-kerchenskom-prolyve-tankerov-vozobnovylas-utechka|https://unn.ua/news/u-kerchenskii-prototsi-vidnovyvsia-vytik-mazutu-iz-zatonulykh-tankeriv|https://apps.apple.com/app/apple-store/id1324203419?pt=107503821&ct=unknown&mt=8|https://play.google.com/store/apps/details?id=com.checkitt&referrer=utm_source%3Dunknown
https://ground.news/article/wheat-futures-surge-to-three-year-highs-on-russia-ukraine-escalation-fears-weat-nysearca,War Drives Global Wheat Prices Upwards: What History Says You Should Do Next,Global wheat futures surged A$23/t after Russia-Ukraine war escalation. Discover why historical market patterns mean growers must navigate this volatility with caution.,8,0,1,4,12 hours ago,80% Center,https://www.theland.com.au/story/9338279/russia-ukraine-war-wheat-futures-jump-a23t-overnight/|https://www.farmonline.com.au/story/9338279/russia-ukraine-war-wheat-futures-jump-a23t-overnight/|https://seekingalpha.com/news/4637252-wheat-futures-surge-to-three-year-highs-on-russia-ukraine-escalation-fears|https://www.farmweekly.com.au/story/9338279/russia-ukraine-war-wheat-futures-jump-a23t-overnight/|https://www.northqueenslandregister.com.au/story/9338279/russia-ukraine-war-wheat-futures-jump-a23t-overnight/|https://www.queenslandcountrylife.com.au/story/9338279/russia-ukraine-war-wheat-futures-jump-a23t-overnight/|https://www.stockjournal.com.au/story/9338279/russia-ukraine-war-wheat-futures-jump-a23t-overnight/|https://www.stockandland.com.au/story/9338279/russia-ukraine-war-wheat-futures-jump-a23t-overnight/|https://apps.apple.com/app/apple-store/id1324203419?pt=107503821&ct=unknown&mt=8|https://play.google.com/store/apps/details?id=com.checkitt&referrer=utm_source%3Dunknown
https://ground.news/article/the-russian-geranis-are-moving-to-chinese-components,The Russian Geranis Are Moving to Chinese Components.,"Western components in Russian drones are gradually disappearing, replacing new models with Chinese navigation systems and engines.",2,0,1,0,9 hours ago,100% Right,https://korrespondent.net/world/4906463-rossyiskye-herany-perekhodiat-na-kytaiskye-komponenty-smy|https://news.obozrevatel.com/russia/kitaj-kak-tehnologicheskij-tyil-rossijskoj-vojnyi.htm|https://apps.apple.com/app/apple-store/id1324203419?pt=107503821&ct=unknown&mt=8|https://play.google.com/store/apps/details?id=com.checkitt&referrer=utm_source%3Dunknown
https://ground.news/article/ukraine-expands-deep-strikes-in-russia-as-moscow-pushes-toward-sloviansk-worthy-news-briefing,Ukraine Expands Deep Strikes In Russia As Moscow Pushes Toward Sloviansk (Worthy News Briefing),"by Stefan J. Bos, Worthy News Europe Bureau Chief AMSTERDAM/KYIV/MOSCOW (Worthy News) – Ukraine has dramatically widened drone attacks deep inside Russia, striking military aircraft, vessels, energy facilities and warehouses, while Russian troops edged closer to the strategic eastern Ukrainian city of Sloviansk amid reports that Moscow could mobilize hundreds of thousands of additional soldiers. The escalating strikes came as both countries suff…",2,0,0,1,6 hours ago,100% Center,https://www.worthynews.com/117028-ukraine-expands-deep-strikes-in-russia-as-moscow-pushes-toward-sloviansk-worthy-news-briefing|https://sundayguardianlive.com/world/russia-ukraine-war-latest-news-kremlins-top-commander-says-troops-only-4-kilometres-away-from-ukraines-sloviansk-city-tensions-escalate-between-russia-and-uk-271286/|https://apps.apple.com/app/apple-store/id1324203419?pt=107503821&ct=unknown&mt=8|https://play.google.com/store/apps/details?id=com.checkitt&referrer=utm_source%3Dunknown
https://ground.news/article/this-is-more-important-than-the-news-about-the-attacks-on-wildberries-and-refineries,Leaked Documents Reveal What Moscow Fears Most: the Threat Is Not Just to Oil Refineries,"Moscow authorities have admitted they cannot protect the capital's oil refineries from Ukrainian strikes, and officials are also predicting a wave of bankruptcies due to the attacks on the Wildberries company.",2,0,0,0,3 hours ago,No sources with tracked biases.,https://www.lrytas.lt/verslas/rinkos-pulsas/2026/08/27/news/nutekinti-dokumentai-atskleide-ko-labiausiai-bijo-maskva-gresme-ne-tik-naftos-perdirbimo-gamykloms-43689105|https://nv.ua/ukr/opinion/koncert-kanye-vesta-v-peterburzi-skasovano-arkadiy-babchenko-nazvav-golovnu-prichinu-50635862.html|https://apps.apple.com/app/apple-store/id1324203419?pt=107503821&ct=unknown&mt=8|https://play.google.com/store/apps/details?id=com.checkitt&referrer=utm_source%3Dunknown
https://ground.news/article/what-an-extradition-trial-reveals-about-moscows-influence-in-africa,Inside the Extradition Trial Revealing Moscow’s Secret Grip on Africa,New details have emerged about a network of pro-Russian actors in the Sahel and beyond.,2,0,0,1,20 hours ago,100% Center,https://foreignpolicy.com/2026/08/26/russia-influence-africa-extradition-trial-benin-coup/|https://www.mondialnews.com/2026/08/26/inside-the-extradition-trial-revealing-moscows-secret-grip-on-africa/|https://apps.apple.com/app/apple-store/id1324203419?pt=107503821&ct=unknown&mt=8|https://play.google.com/store/apps/details?id=com.checkitt&referrer=utm_source%3Dunknown
https://ground.news/article/kim-putin-near-completion-of-first-ever-road-link-as-military-partnership-grows,"Kim, Putin Near Completion Of First-Ever Road Link As Military Partnership Grows","As Kim and Putin grow their friendship, they dumped resources into a new road bridge between North Korea and Russia.",5,0,5,0,6 hours ago,100% Right,https://yournews.com/2026/08/26/7177684/kim-putin-near-completion-of-first-ever-road-link-as-military/|https://dailycaller.com/2026/08/26/russia-north-korea-road-bridge-trade-kim-jong-un-vladimir-putin/|https://ijr.com/article/russia-north-korea-road-bridge-trade-kim-jong-un-vladimir-putin|https://www.bizpacreview.com/2026/08/26/kim-putin-near-completion-of-first-ever-road-link-as-military-partnership-grows-1656478/|https://conservativedailynews.com/2026/08/kim-putin-near-completion-of-first-ever-road-link-as-military-partnership-grows/|https://apps.apple.com/app/apple-store/id1324203419?pt=107503821&ct=unknown&mt=8|https://play.google.com/store/apps/details?id=com.checkitt&referrer=utm_source%3Dunknown
https://ground.news/article/russia-withdraws-its-ambassador-from-the-uk-moscow-announces-what-happens-to-relations-between-the-two-countries,The UK Reminded The World Of Its Historical Role In Containing Russia,"Russia confirmed the conclusion of its ambassador's diplomatic mission to the United Kingdom, Andrei Kelin, who left the post on 21 July. Moscow maintains that relations between the two countries have reached a ""low historical level"", while London continues to support Ukraine in the war with Russia.",2,0,1,0,17 hours ago,100% Right,https://www.pressenza.com/2026/08/the-uk-reminded-the-world-of-its-historical-role-in-containing-russia/|https://www.realitatea.net/stiri/actualitate/rusia-isi-retrage-ambasadorul-din-marea-britanie-moscova-anunta-ce-se-intampla-cu-relatiile-dintre-cele-doua-tari-tuhsgh|https://apps.apple.com/app/apple-store/id1324203419?pt=107503821&ct=unknown&mt=8|https://play.google.com/store/apps/details?id=com.checkitt&referrer=utm_source%3Dunknown
https://ground.news/article/petrol-queues-in-moscow-in-middle-of-night-russians-try-to-buy-fuel-at-petrol-station-at-2-am-video,After Intermediate High: Gasoline Crisis Also Hits Moscow,"In many regions of Russia, gasoline is currently scarce or not available at all. Data from a petrol station app and bank evaluations show that the situation has deteriorated again.",2,2,0,0,27 minutes ago,100% Left,https://www.t-online.de/nachrichten/ausland/internationale-politik/id_101408648/ukraine-krieg-benzin-krise-ist-zurueck-in-russland-auch-in-moskau.html|https://censor.net/en/videonews/4020388/moscow-motorists-queue-for-petrol-at-2-a-m|https://apps.apple.com/app/apple-store/id1324203419?pt=107503821&ct=unknown&mt=8|https://play.google.com/store/apps/details?id=com.checkitt&referrer=utm_source%3Dunknown
https://ground.news/article/cia-director-retcliff-zustrivsya-with-hegset-at-the-white-house-after-turning-from-russia,"The Head of the CIA, Retkluff, Is Toasted by Gegsett at the United States.","The CIA director, John Retcluff, is a rosary, with Bilia's head at the Pentagon's toastroch.",3,1,0,0,12 hours ago,100% Left,https://censor.net/ua/photonews/4020391/djon-retkliff-zustrivsya-z-gegsetom-pislya-vizytu-v-moskvu|https://tvrain.tv/news/glava-tsru-srazu-posle-vozvraschenija-iz-rossii-prinjal-uchastie-v-soveschanii-v-belom-dome-575288/|https://nv.ua/ukr/world/countries/direktor-cru-retkliff-zalishiv-biliy-dim-pislya-povernennya-z-moskvi-podrobici-zustrichi-50635979.html|https://apps.apple.com/app/apple-store/id1324203419?pt=107503821&ct=unknown&mt=8|https://play.google.com/store/apps/details?id=com.checkitt&referrer=utm_source%3Dunknown
https://ground.news/article/us-extends-russia-related-general-license-on-diamond-imports_0d11ef,US extends Russia-related general license on diamond imports,Read more about US extends Russia-related general license on diamond imports on Devdiscourse.,2,0,0,1,19 hours ago,100% Center,https://www.devdiscourse.com/article/international/3968288-us-extends-russia-related-general-license-on-diamond-imports|https://eurasiabusinessnews.com/2026/08/26/us-extends-import-exemptions-for-certain-russian-diamond-until-september-2027/|https://apps.apple.com/app/apple-store/id1324203419?pt=107503821&ct=unknown&mt=8|https://play.google.com/store/apps/details?id=com.checkitt&referrer=utm_source%3Dunknown
https://ground.news/article/ukrainian-drone-attacks-are-already-appearing-prominently-in-russian-statistics,Ukrainian Drone Attacks Are Already Appearing Prominently in Russian Statistics,"The shortage in Russia forces to limit the sale of fuel in several regions, while the attacks keep the Russian oil infrastructure under pressure. By Albert Sort Creus Moscow — August has always been a complicated month for Russian filling stations. Increased demand for vacations stresses the sector and there are timely supply problems. This summer, however, it is not being like the others. Russia is facing one of the worst petrol crises of recen…",2,0,0,0,13 hours ago,No sources with tracked biases.,https://www.portfolio.hu/gazdasag/20260826/mar-az-orosz-statisztikakban-is-latvanyosan-megjelennek-az-ukran-drontamadasok-858530|https://losangelespress.org/mundo/2026/aug/26/ataques-de-ucrania-dejan-a-rusia-ante-su-peor-crisis-de-gasolina-16053.html|https://apps.apple.com/app/apple-store/id1324203419?pt=107503821&ct=unknown&mt=8|https://play.google.com/store/apps/details?id=com.checkitt&referrer=utm_source%3Dunknown
https://ground.news/article/the-russian-navy-conducted-anti-aircraft-exercises-in-the-baltic-following-flights-of-spy-aircraft-around-kaliningrad,Russia Finds Intel of NATO Planning to Invade Kaliningrad? Putin Launches Massive Military Prep For…,"Russia’s Baltic Fleet has conducted a tactical air-defence exercise near Kaliningrad, simulating an enemy air raid against the Baltiysk naval base. The drill involved Su-30 multirole fighters, Mi-24 combat helicopters and unmanned aerial vehicles acting as the attacking force. The exercise comes amid continued military activity and heightened tension in the Baltic Sea region, where Kaliningrad remains one of Moscow’s most strategically significa…",2,0,0,1,15 hours ago,100% Center,https://www.hindustantimes.com/videos/russia-finds-intel-of-nato-planning-to-invade-kaliningrad-putin-launches-massive-military-prep-for-101787804504948.html|https://www.zona-militar.com/2026/08/26/la-armada-rusa-realizo-ejercicios-antiaereos-en-el-baltico-tras-vuelos-de-aviones-espia-alrededor-de-kaliningrado/|https://apps.apple.com/app/apple-store/id1324203419?pt=107503821&ct=unknown&mt=8|https://play.google.com/store/apps/details?id=com.checkitt&referrer=utm_source%3Dunknown
https://ground.news/article/hungary-calls-russia-threat-to-europe-and-global-order-in-un-guidelines-document_9f1fcb,Hungary Calls Russia 'Threat to Europe and Global Order' in UN Guidelines Document,"The guidelines mark a sharp break from Viktor Orbán’s pro-Russia policy and call for negotiations on Ukraine, Middle East conflicts and UN reform.",82,16,12,12,6 hours ago,40% Left,https://www.euronews.com/my-europe/2026/08/27/russian-mp-threatens-hungary-with-energy-cut-off-after-budapest-labels-moscow-a-security-t|https://www.novinky.cz/clanek/zahranicni-evropa-magyarova-vlada-jednoznacne-odsoudila-ruskou-agresi-na-ukrajine-40594534|https://observador.pt/programas/a-guerra-traduzida/hungria-classifica-russia-como-uma-ameaca-para-a-europa/|https://www.tz.de/politik/kehrtwende-nach-orban-budapest-nennt-russland-bedrohung-zr-94461637.html|https://www.kyivpost.com/post/83181|https://www.abc.es/internacional/hungria-rompe-rusia-20260826184210-nt.html|https://www.zeit.de/news/2026-08/26/ungarns-neue-regierung-stuft-russland-als-bedrohung-ein|https://www.danas.rs/svet/madjar-rusija-madjarska/|https://www.spiegel.de/ausland/ungarn-stuft-russland-als-bedrohung-ein-a-13b1b66d-1eb7-4b77-955f-75aa4bf34644|https://www.ilfattoquotidiano.it/2026/08/26/il-premier-ungherese-magyar-rompe-con-la-russia-e-una-minaccia-per-budapest-resta-il-no-alladesione-accelerata-dellucraina-allue/8488953/|https://telex.hu/belfold/2026/08/26/uj-magyar-kulpolitikai-iranyelv-oroszorszag-fenyegetes-karpatalja-ensz-kozgyules-81-ulesszak-kormanyhatarozat|https://www.err.ee/1610119840/ungari-uus-valitsus-nimetas-venemaad-ohuks-euroopale|https://www.digi24.ro/stiri/externe/ue/ungaria-se-distanteaza-de-rusia-si-declara-tara-condusa-de-vladimir-putin-o-amenintare-pentru-europa-si-ordinea-mondiala-3922413|https://www.lalibre.be/international/europe/2026/08/26/la-hongrie-classe-la-russie-comme-menace-PD3JCF7J2RBIZHKLT3PG2SDRMI/|https://www.lrt.lt/naujienos/pasaulyje/6/3033196/vengrijos-vyriausybe-paskelbe-rusija-gresme-taip-nutraukdamas-ilgamete-orbano-politika|https://www.tagesschau.de/ausland/ungarn-russland-bedrohung-100.html|https://www.aa.com.tr/en/europe/hungary-s-new-government-designates-russia-as-threat-/4037884|https://korrespondent.net/world/4906343-madiar-ofytsyalno-pryznal-rossyui-uhrozoi-dlia-venhryy|https://www.n-tv.de/politik/09-40-Ungarn-stuft-Russland-als-Bedrohung-ein-id30859357.html|https://www.origo.hu/kulpol/2026/08/kormany-orosz-ukran-haboru-allasfoglalas|https://www.rd.nl/a/1160451-hongaarse-regering-bestempelt-rusland-als-bedreiging|https://www.realitatea.net/stiri/actualitate/ungaria-isi-schimba-pozitia-fata-de-rusia-budapesta-condamna-invazia-si-sustine-integritatea-teritoriala-a-ucrainei-qblb2b|https://brusselssignal.eu/2026/08/hungarys-new-government-classifies-russia-as-a-threat/|https://www.anews.com.tr/europe/2026/08/26/hungarys-new-government-designates-russia-as-threat|https://glavcom.ua/world/world-politics/uhorshchina-vpershe-ofitsijno-nazvala-rosiju-zahrozoju-dlja-sebe-ta-jevropi-1139018.html|https://zn.ua/europe/venhrija-nazvala-rossiju-uhrozoj-dlja-evropy-i-mirovoho-porjadka.html|https://index.hu/belfold/2026/08/26/magyar-peter-uj-kulpolitikai-iranyelv-magyar-kozlony-oroszorszag-fenyegetes-magyarorszag-karpataljai-kisebbseg/|https://magyarnemzet.hu/kulfold/2026/08/oroszorszag-fenyegetes-magyarorszagra-tisza-kormany|https://observatornews.ro/extern/noul-guvern-ungar-se-distanteaza-de-moscova-rusia-considerata-acum-amenintare-pentru-ungaria-664315.html|https://orf.at/stories/3440247/|https://hnonline.sk/svet/96298926-ohrozuje-madarsko-europu-a-globalny-poriadok-magyarova-vlada-deklarovala-ze-rusko-povazuje-za-hrozbu|https://www.stol.it/artikel/politik/ungarns-neue-regierung-stuft-russland-als-bedrohung-ein|https://mandiner.hu/kulfold/2026/08/alairta-magyar-peter-oroszorszag-magatartasa-fenyegetest-jelent-magyarorszagra|https://bnn.de/nachrichten/deutschland-und-welt/ungarns-neue-regierung-stuft-russland-als-bedrohung-ein|https://apps.apple.com/app/apple-store/id1324203419?pt=107503821&ct=unknown&mt=8|https://play.google.com/store/apps/details?id=com.checkitt&referrer=utm_source%3Dunknown
https://ground.news/article/der-spiegel-the-weapons-cache-found-outside-berlin-was-left-there-by-a-24-year-old-ukrainian-man-arrested-in-romania,Der Spiegel: The weapons cache found outside Berlin was left there by a 24-year-old Ukrainian man arrested in Romania,"A 24-year-old Ukrainian arrested in Romania last year over an alleged Russian-directed sabotage plot has been linked to a weapons cache discovered near Berlin, Der Spiegel 
reports
.",2,1,0,0,2 hours ago,100% Left,https://meduza.io/en/news/2026/08/26/der-spiegel-the-weapons-cache-found-outside-berlin-was-left-there-by-a-24-year-old-ukrainian-man-arrested-in-romania|https://hromadske.ua/en/kryminal/270052-ukrainian-suspect-in-russian-sabotage-plot-linked-to-weapons-cache-near-berlin-spiegel|https://apps.apple.com/app/apple-store/id1324203419?pt=107503821&ct=unknown&mt=8|https://play.google.com/store/apps/details?id=com.checkitt&referrer=utm_source%3Dunknown
https://ground.news/article/release-of-marine-veteran-from-russian-custody-turns-focus-to-other-detainees-with-health-concerns,Release of Marine veteran from Russian custody turns focus to other detainees with health concerns,"Families and advocates say 28 Americans remain jailed in Russia, including detainees with serious medical needs and claims of below-standard care.",41,15,2,22,10 hours ago,56% Center,https://apnews.com/article/russia-state-department-prisoners-gilman-release-5e27816ea4e216da8829eab0ca26e965|https://articles.thelocalreport.in/release-of-marine-veteran-from-russian-custody-turns-focus-to-other-detainees-with-health-concerns/|https://www.independent.co.uk/news/paul-whelan-americans-united-states-state-department-washington-b3039297.html|https://www.thestar.com/news/world/united-states/release-of-marine-veteran-from-russian-custody-turns-focus-to-other-detainees-with-health-concerns/article_e0dd8ecb-6798-5c28-ba0d-a4e8b502164d.html|https://www.thespec.com/news/world/united-states/release-of-marine-veteran-from-russian-custody-turns-focus-to-other-detainees-with-health-concerns/article_6216b92d-b97e-5811-bfdc-53476187fd46.html|https://www.bangordailynews.com/2026/08/26/nation/release-of-marine-veteran-from-russian-custody-turns-focus-to-other-detainees-with-health-concerns/|https://www.hindustantimes.com/world-news/us-news/release-of-marine-veteran-from-russian-custody-turns-focus-to-other-detainees-with-health-concerns-101787770335981.html|https://www.winnipegfreepress.com/world/2026/08/25/release-of-marine-veteran-from-russian-custody-turns-focus-to-other-detainees-with-health-concerns|https://wtop.com/national/2026/08/release-of-marine-veteran-from-russian-custody-turns-focus-to-other-detainees-with-health-concerns/|https://mymotherlode.com/news/national/11093900/release-of-marine-veteran-from-russian-custody-turns-focus-to-other-detainees-with-health-concerns.html|https://www.local10.com/news/national/2026/08/26/release-of-marine-veteran-from-russian-custody-turns-focus-to-other-detainees-with-health-concerns/|https://www.washingtontimes.com/news/2026/aug/26/release-marine-veteran-russian-custody-turns-focus-detainees-health/|https://www.regionalmedianews.com/news/national/release-of-marine-veteran-from-russian-custody-turns-focus-to-other-detainees-with-health-concerns/|https://www.kxl.com/release-of-marine-veteran-from-russian-custody-turns-focus-to-other-detainees-with-health-concerns/|https://apps.apple.com/app/apple-store/id1324203419?pt=107503821&ct=unknown&mt=8|https://play.google.com/store/apps/details?id=com.checkitt&referrer=utm_source%3Dunknown
https://ground.news/article/ukrainian-military-balloons-may-spoil-russias-party,Ukrainian military balloons may spoil Russia’s party,"Join millions of well-informed readers who use Ground to compare coverage, check their news blindspots, and challenge their worldview.",2,0,0,2,2 hours ago,100% Center,https://www.hindustantimes.com/world-news/ukrainian-military-balloons-may-spoil-russia-s-party-101787821918672.html|https://www.economist.com/science-and-technology/2026/08/26/ukrainian-military-balloons-may-spoil-russias-party|https://apps.apple.com/app/apple-store/id1324203419?pt=107503821&ct=unknown&mt=8|https://play.google.com/store/apps/details?id=com.checkitt&referrer=utm_source%3Dunknown
https://ground.news/article/the-moscows-will-determine-the-fate-of-pushkins-monument-in-a-test-vote,"Mihalkov Offered to Move the Pushkin Memorial in Moscow, and the Authorities Decided to Ask the Citizens — and Also to Test the Electronic Vote Before the State Elections.","On 28 August, from 8 a.m. to 2 p.m., a vote will be taken in Moscow to transfer the monument to Alexander Pushkin to the other side of Tver Street, and the website of the Moscow City Hall will be available online, either at one of the 132 polling stations that will be opened specifically for this purpose.",3,1,0,0,2 hours ago,100% Left,https://meduza.io/news/2026/08/27/mihalkov-predlozhil-perenesti-pamyatnik-pushkinu-v-moskve-vlasti-reshili-sprosit-u-gorozhan-i-zaodno-protestirovat-elektronnoe-golosovanie-pered-vyborami-v-gosdumu|https://novayagazeta.ru/articles/2026/08/27/testovoe-golosovanie-v-moskve-provedut-na-idee-mikhalkova-perenesti-pamiatnik-pushkinu-na-nekotorykh-uchastkakh-spetsialno-otkliuchat-sviaz-ili-elektrichestvo-news|https://rtvi.com/news/moskvichi-na-testovom-golosovanii-opredelyat-sudbu-pamyatnika-pushkinu/|https://apps.apple.com/app/apple-store/id1324203419?pt=107503821&ct=unknown&mt=8|https://play.google.com/store/apps/details?id=com.checkitt&referrer=utm_source%3Dunknown
https://ground.news/article/russian-officials-believe-putin-may-launch-a-nuclear-strike-on-ukraine,‘Putin’s Back Is Against the Wall’: There Is Now A Chance Russia Could Start Using Tactical Nuclear Weapons in the Ukraine War,"Russian hardliners are urging more open nuclear rhetoric as negotiations stall and Ukrainian strikes deepen pressure on Putin, analysts said.",11,2,1,3,2 hours ago,50% Center,https://nationalsecurityjournal.org/putins-back-is-against-the-wall-there-is-now-a-chance-russia-could-start-using-tactical-nuclear-weapons-in-the-ukraine-war/|https://metro.co.uk/2026/08/27/russia-considering-using-nuclear-weapons-ukraine-29474729/|https://internewscast.com/news/fears-grow-that-putin-could-use-tactical-nuclear-weapons-in-ukraine/|https://www.the-sun.com/news/16903873/putin-nuclear-weapon-ukraine/|https://www.bloomberg.com/news/articles/2026-08-26/putin-moves-to-escalate-war-in-ukraine-with-talks-at-dead-end|https://www.rbc.ua/ukr/news/chinovniki-rf-vvazhayut-shcho-putin-mozhe-1787764681.html|https://stirileprotv.ro/stiri/international/ultima-solutie-a-lui-putin-pentru-a-invinge-ucraina-vrea-sa-distruga-centrul-kievului-si-sa-foloseasca-arme-nucleare-tactice.html|https://www.flyingeze.com/putin-nuclear-weapon-ukraine|https://www.echo24.cz/a/HcVBd/zpravy-svet-sili-obavy-ze-putin-sahne-na-ukrajine-k-taktickym-jadernym-zbranim|https://www.milletnews.com/world/russia-may-consider-tactical-nuclear-use-as-last-resort|https://www.newsbytesapp.com/news/world/growing-concerns-over-nuclear-escalation/story|https://apps.apple.com/app/apple-store/id1324203419?pt=107503821&ct=unknown&mt=8|https://play.google.com/store/apps/details?id=com.checkitt&referrer=utm_source%3Dunknown
https://ground.news/article/syn-of-a-friend-of-putins-is-the-score-of-the-russians-best-selling-propaganda,As Putin's Propagandists Earns the Best. In the Top Appear Also Director Nikita Mihalkov and Margarita Simonian,"Kiril Kovalciuk, son of the head of the Kurceatov Institute (the main nuclear research centre in Russia) and grandson of the Russian billionaire Iuri Kovalciuk, is currently the best paid Russian propagandist, with an annual income of more than 628 thousand",2,0,0,0,22 hours ago,No sources with tracked biases.,https://www.antena3.ro/externe/cat-castiga-cel-mai-bine-platiti-propagandisti-ai-lui-putin-in-top-apar-si-regizorul-nikita-mihalkov-si-margarita-simonian-800926.html|https://glavcom.ua/world/observe/sin-druha-putina-ocholiv-rejtinh-najbahatshikh-propahandistiv-rf-1139024.html|https://apps.apple.com/app/apple-store/id1324203419?pt=107503821&ct=unknown&mt=8|https://play.google.com/store/apps/details?id=com.checkitt&referrer=utm_source%3Dunknown
https://ground.news/article/medieval-noblemans-tomb-discovered-in-western-russia-archaeology-magazine,Medieval Nobleman’s Tomb Discovered in Western Russia - Archaeology Magazine,"SUZDAL, RUSSIA—Live Science reports that a tenth-century wooden burial chamber containing the remains of a man estimated to have been between 25 and 35 years old at the time of death, a horse, and a dog have been uncovered at the medieval cemetery of Gnezdilovo, which is located in western Russia. A team of researchers from the Russian Academy of Sciences discovered a silver horseshoe-shaped brooch that fastened a garment at the man’s neck. An i…",2,0,0,1,21 hours ago,100% Center,https://archaeology.org/news/2026/08/26/medieval-noblemans-tomb-discovered-in-western-russia/|https://www.chipchick.com/2026/08/a-rare-grave-containing-a-medieval-warrior-buried-alongside-his-horse-and-dog-was-uncovered-in-russia|https://apps.apple.com/app/apple-store/id1324203419?pt=107503821&ct=unknown&mt=8|https://play.google.com/store/apps/details?id=com.checkitt&referrer=utm_source%3Dunknown
https://ground.news/article/stalin-experiences-a-comeback-in-russia-majority-considers-dictator-to-be-great-leader,"Stalin Experiences a Comeback in Russia – Majority Considers Dictator to Be ""Great Leader""","Join millions of well-informed readers who use Ground to compare coverage, check their news blindspots, and challenge their worldview.",4,0,0,3,21 hours ago,100% Center,https://www.tz.de/politik/stalin-erlebt-in-russland-ein-comeback-mehrheit-haelt-diktator-fuer-grossen-fuehrer-zr-94460571.html|https://www.kreiszeitung.de/politik/stalin-erlebt-in-russland-ein-comeback-mehrheit-haelt-diktator-fuer-grossen-fuehrer-zr-94460571.html|https://www.mannheim24.de/politik-wirtschaft/stalin-erlebt-in-russland-ein-comeback-mehrheit-haelt-diktator-fuer-grossen-fuehrer-zr-94460571.html|https://www.op-online.de/politik/stalin-erlebt-in-russland-ein-comeback-mehrheit-haelt-diktator-fuer-grossen-fuehrer-zr-94460571.html|https://apps.apple.com/app/apple-store/id1324203419?pt=107503821&ct=unknown&mt=8|https://play.google.com/store/apps/details?id=com.checkitt&referrer=utm_source%3Dunknown
https://ground.news/article/about-150-000-chickens-were-killed-in-a-plant-under-belgorod-that-burned-down-after-the-attack,"About 150,000 Chickens Were Killed in a Plant Under Belgorod that Burned Down After the Attack.","Local residents call the situation an “environmental disaster” and are afraid of an outbreak of infectious diseases, writes “Pepel”. Dozhd TV: news, video, broadcast, online, archive, program program.",2,0,0,0,1 day ago,No sources with tracked biases.,https://novayagazeta.eu/articles/2026/08/26/na-sgorevshei-posle-ataki-bpla-ptitsefabrike-pod-belgorodom-pogibli-okolo-150-tysiach-kur-news|https://tvrain.tv/news/v-belgorodskoj-oblasti-na-meste-sgorevshej-posle-ataki-bpla-ptitsefabriki-razlagajutsja-trupy-kur-575279/|https://apps.apple.com/app/apple-store/id1324203419?pt=107503821&ct=unknown&mt=8|https://play.google.com/store/apps/details?id=com.checkitt&referrer=utm_source%3Dunknown
https://ground.news/article/senior-police-officers-in-russia-sentenced-for-stealing-crypto-exchange-garantex-money,Senior police officers in Russia sentenced for stealing crypto exchange Garantex money,"🚨 Three senior Russian police officers were jailed for embezzling over $350,000 from Garantex clients.
💰 The convicted officers used fake court orders and forged documents to steal crypto assets.
⚡ Tether froze $27 million in USDT on Garantex, and the exchange’s website was la...",2,0,0,0,21 hours ago,No sources with tracked biases.,https://www.cryptopolitan.com/police-russia-sentenced-stealing-garantex/|https://www.cryptela.com/en/crypto-news/419674/three-russian-police-officers-sentenced-to-up-to-14-years-for-350000-garantex-theft|https://apps.apple.com/app/apple-store/id1324203419?pt=107503821&ct=unknown&mt=8|https://play.google.com/store/apps/details?id=com.checkitt&referrer=utm_source%3Dunknown
https://ground.news/article/indias-russian-oil-imports-slide-from-record-high-as-supply-tightens_1d5637,India’s Russian Oil Imports Slide From Record High as Supply Tightens,"China’s stronger buying and Ukrainian strikes have reduced Russian crude available for India, forcing refiners to seek cargoes from West Africa and the Americas.",11,3,2,2,19 hours ago,43% Left,https://indianexpress.com/article/business/russia-turns-to-india-to-meet-petrol-demand-after-oil-infrastructure-takes-a-hit-in-ukraine-strikes-10851196/|https://www.digi24.ro/stiri/externe/india-e-fortata-sa-reduca-importurile-de-petrol-din-rusia-si-sa-caute-alternative-de-aprovizionare-bloomberg-3923139|https://oilprice.com/Latest-Energy-News/World-News/Indias-Russian-Oil-Imports-Slide-From-Record-High-as-Supply-Tightens.html|https://www.rbc.ua/ukr/news/indiya-skorochue-import-rosiyskoyi-nafti-1787746107.html|https://unn.ua/news/indiia-skorochuie-zakupivli-rosiiskoi-nafty-ta-shukaie-alternatyvy-bloomberg|https://economictimes.indiatimes.com/industry/energy/oil-gas/indian-refiners-widen-oil-search-as-attacks-hurt-russian-flows/articleshow/133531632.cms|https://www.moneycontrol.com/news/business/indian-refiners-widen-oil-search-as-attacks-hurt-russian-flows-14015954.html|https://www.seznamzpravy.cz/clanek/ekonomika-finance-byznys-komodity-dluhopisy-zavislost-indie-na-ruske-rope-se-prohlubuje-plany-zmenila-valka-313736|https://espreso.tv/svit-udari-ukraini-po-rosii-zmushuyut-indiyu-shukati-novikh-postachalnikiv-nafti-azh-za-okeanom-bloomberg|https://www.rigzone.com/news/wire/indian_refiners_widen_oil_search-26-aug-2026-184461-article/|https://cryptobriefing.com/indian-refiners-seek-new-oil-sources-amid-russian-supply-disruptions/|https://apps.apple.com/app/apple-store/id1324203419?pt=107503821&ct=unknown&mt=8|https://play.google.com/store/apps/details?id=com.checkitt&referrer=utm_source%3Dunknown
https://ground.news/article/russia-is-experiencing-a-boom-in-diesel-cars-due-to-a-gasoline-shortage,Russia Is Experiencing a Boom in Diesel Cars Due to a Gasoline Shortage.,"In Russia, due to a prolonged shortage of gasoline and constant queues at gas stations, the demand for diesel cars, as well as electric cars and hybrids, has sharply increased.",4,3,0,0,18 hours ago,100% Left,https://www.rbc.ua/ukr/news/rosiyi-pochavsya-bum-dizelni-avto-cherez-1787760209.html|https://censor.net/biz/news/4020355/u-rosiyi-cherez-defitsyt-benzynu-zris-popyt-na-dyzelni-avto|https://charter97.org/ru/news/2026/8/26/696192/|https://glavcom.ua/world/world-economy/u-rosiji-stavsja-bum-popitu-na-dizelni-avto-1139016.html|https://apps.apple.com/app/apple-store/id1324203419?pt=107503821&ct=unknown&mt=8|https://play.google.com/store/apps/details?id=com.checkitt&referrer=utm_source%3Dunknown
https://ground.news/article/russian-stadium-refuses-to-stage-kanye-west-concerts_f3da82,Russian Stadium Refuses to Stage Kanye West Concerts,"The venue said no rental agreement was signed, while promoter Say Agency said the 2 sold-out shows remain scheduled and contracts are pending.",87,19,12,12,4 hours ago,44% Left,https://www.chicagotribune.com/2026/08/27/kanye-west-russia-concerts/|https://www.lrt.lt/naujienos/muzika/680/3034141/rusijoje-nebekoncertuos-triuksma-sukele-reperio-kanye-westo-planai-pakibo-ant-plauko|https://www.bt.dk/udland/kanye-west-mystik-fortsaetter-i-rusland-politikere-melder-sig-paa-banen|https://www.thejc.com/news/world/russian-stadium-says-kanye-west-concerts-cannot-take-place-se6n3k5d|https://mediatakeout.com/russian-stadium-pulls-plug-on-ye-venue-deal-but-promoter-says-shows-arent-canceled/|https://telex.hu/after/2026/08/26/kanye-west-koncert-kerdojelek-gazprom-arena-szentpetervar|https://www.thedailybeast.com/obsessed/kanye-wests-shows-in-putins-hometown-st-petersburg-get-humiliating-update/|https://meduza.io/news/2026/08/24/gazprom-arena-v-peterburge-zayavila-chto-ne-stanet-provodit-kontserty-kanie-uesta-na-svoey-ploschadke|https://www.independent.co.uk/arts-entertainment/music/news/kanye-west-russia-gazprom-arena-b3039064.html|https://www.nbcnews.com/video/shorts/russian-arena-says-kanye-west-concerts-will-not-happen-268814405884|https://www.danas.rs/bbc-news-serbian/od-odusevljenja-do-necemo-hoce-li-kanje-vest-odrzati-koncert-u-rusiji/|https://charter97.org/ru/news/2026/8/24/695937/|https://www.bbc.com/news/articles/c4gmvyzj5dgo|https://expresso.pt/blitz/noticias/2026-08-25-kanye-west-na-russia-concertos-podem-ser-cancelados-devido-a-uma-chamada-vinda-de-cima-de-moscovo-ec02c469|https://www.digi24.ro/stiri/externe/rusia/kanye-west-gazprom-si-apelul-de-sus-de-ce-a-ramas-rapperul-american-fara-concert-in-rusia-chiar-daca-biletele-au-fost-vandute-3920503|https://oglobo.globo.com/cultura/noticia/2026/08/25/estadio-se-nega-a-receber-kanye-west-e-coloca-apresentacoes-do-cantor-na-russia-em-duvida.ghtml|https://www.washingtontimes.com/news/2026/aug/25/russian-stadium-dispute-clouds-kanye-wests-planned-st-petersburg/|https://www.thenews.com.pk/latest/1413507-kanye-west-concerts-in-russia-in-limbo-cancelled-or-not|https://www.n-tv.de/leute/Ist-die-Russland-Tour-von-Kanye-West-nur-ein-PR-Gag-id31228018.html|https://www.dailystar.co.uk/news/latest-news/putin-blocks-kanye-west-concerts-37592172|https://www.breitbart.com/entertainment/2026/08/25/russian-stadium-says-nyet-to-sold-out-kanye-west-gigs/|https://www.krone.at/4268381|https://www.telegraaf.nl/entertainment/cultuur/kanye-west-kondigde-twee-shows-aan-maar-russische-arena-zegt-van-niets-te-weten/160458889.html|https://english.pravda.ru/news/society/168228-kanye-west-st-petersburg-concert/|https://glavcom.ua/world/observe/kontsert-kanje-vesta-u-rosiji-zirvavsja-orhanizatoram-zahrozhujut-miljardni-zbitki-1138685.html|https://cnnportugal.iol.pt/kanye-west/russia/depois-da-polemica-em-portugal-artista-musical-mais-influente-do-nosso-tempo-ve-concertos-cancelados-na-russia/20260826/6a8dd079d34ed0733ba81cd9|https://www.rnd.de/promis/kanye-west-konzerte-in-russland-drohen-zu-platzen-AZQB524QTNFGJLYOCXX5NLN3CU.html|https://www.idnes.cz/zpravy/zahranicni/tass-petrohradsky-stadion-oznamil-ze-koncerty-kanye-westa-tam-nebudou.A260824_214727_zahranicni_lysa|https://www.vijesti.me/zabava/muzika/823667/neizvjesni-koncerti-kanjea-vesta-u-rusiji|https://sicnoticias.pt/cultura/musica/2026-08-25-kanye-west-pode-nao-conseguir-atuar-na-russia-devido-a-conflito-com-estadio-que-ia-receber-espetaculo-f8b457c7|https://redir.folha.com.br/redir/online/emcimadahora/rss091/*https://www1.folha.uol.com.br/ilustrada/2026/08/shows-de-kanye-west-na-russia-nao-vao-acontecer-segundo-estadio-de-sao-petersburgo.shtml|https://dorzeczy.pl/swiat/934432/koncert-kanye-westa-w-gazprom-arena-odwolany-nie-wystapi-w-rosji.html|https://hvg.hu/elet/20260826_kanye-west-koncert-oroszorszag-ellentmondasok-bizonytalansag|https://www.aktuality.sk/clanok/36VWh73/gazprom-arena-zrusila-koncerty-rapera-ye-v-petrohrade-tlak-mal-prist-priamo-z-moskvy/|https://apps.apple.com/app/apple-store/id1324203419?pt=107503821&ct=unknown&mt=8|https://play.google.com/store/apps/details?id=com.checkitt&referrer=utm_source%3Dunknown
https://ground.news/article/former-us-special-envoy-for-ukraine-compares-putin-to-hitler-my-concern-we-will-end-up-in-a-third-world-war,"Former US Special Envoy for Ukraine Compares Putin to Hitler: ""My Concern: We Will End up in a Third World War""","Putin can bring Russia to complete defeat and prevent it from recovering for decades, believes American morph Matthew Sampson.Read on ᐅ TSN.ua (1+1 news).",2,0,0,0,22 hours ago,No sources with tracked biases.,https://adevarul.ro/stiri-externe/rusia/fostul-emisar-special-al-sua-pentru-ucraina-il-2552038.html|https://tsn.ua/svit/putin-moze-povtoryty-doliu-hitlera-shcho-same-sprohnozuvav-dyktatoru-rf-amerykanskyy-rozvidnyk-3156404.html|https://apps.apple.com/app/apple-store/id1324203419?pt=107503821&ct=unknown&mt=8|https://play.google.com/store/apps/details?id=com.checkitt&referrer=utm_source%3Dunknown
https://ground.news/article/husband-pleads-for-wifes-release-from-russian-prison-as-her-health-issues-worsen,Husband pleads for wife’s release from Russian prison as her health issues worsen,The State Department has said it is aware of concerns about medical care and continues to raise the issue with the Russians,2,2,0,0,1 day ago,100% Left,https://www.independent.co.uk/news/world/americas/us-politics/americans-detained-russia-olga-jezler-health-b3039747.html|https://www.the-independent.com/news/world/americas/us-politics/americans-detained-russia-olga-jezler-health-b3039747.html|https://apps.apple.com/app/apple-store/id1324203419?pt=107503821&ct=unknown&mt=8|https://play.google.com/store/apps/details?id=com.checkitt&referrer=utm_source%3Dunknown
https://ground.news/article/a-microsoft-font-got-a-communist-candidate-thrown-off-russias-ballot-an-appeals-court-just-put-him-back-on-it_9fc4b6,A Microsoft font got a Communist candidate thrown off Russia’s ballot. An appeals court just put him back on it.,"The Fourth Appeals Court in Nizhny Novgorod has overturned a Samara Regional Court ruling that removed Mikhail Matveyev, a Communist Party (KPRF) candidate and sitting State Duma deputy, from the ballot in Russia’s parliamentary elections.",6,2,0,0,13 hours ago,100% Left,https://meduza.io/en/news/2026/08/26/a-microsoft-font-got-a-communist-candidate-thrown-off-russia-s-ballot-an-appeals-court-just-put-him-back-on-it|https://zona.media/news/2026/08/26/matveev|https://www.currenttime.tv/a/sud-otmenil-reshenie-o-snyatii-s-vyborov-v-gosdumu-deputata-kprf-mihaila-matveeva/33840646.html|https://novayagazeta.ru/articles/2026/08/26/sud-vosstanovil-na-vyborakh-v-gosdumu-kandidata-ot-kprf-kotorogo-sniali-za-narushenie-avtorskikh-prav-iz-za-shriftov-microsoft-news|https://istories.media/news/2026/08/26/sud-otmenil-reshenie-o-snyatii-s-viborov-v-gosdumu-chlena-kprf-mikhaila-matveeva/|https://tvrain.tv/news/sud-dopustil-k-vyboram-v-gosdumu-samarskogo-deputata-ot-kprf-kotorogo-ranee-s-nih-snjali-za-narushenie-avtorskih-prav-microsoft-575271/|https://apps.apple.com/app/apple-store/id1324203419?pt=107503821&ct=unknown&mt=8|https://play.google.com/store/apps/details?id=com.checkitt&referrer=utm_source%3Dunknown
https://ground.news/article/first-fully-autonomous-drone-kill-ukraine-heralds-dystopian-future-of-untethered-weaponry,First fully-autonomous drone kill Ukraine heralds ‘dystopian future of untethered weaponry’,"“We cannot leave decisions on targets solely to AI; it would not be sufficiently responsible”, a Ukrainian commander said. The role of artificial intelligence in Russia’s war against Ukraine has long been debated. AI helps both armies map the frontline and subsequently analyse the satellite images collected. In some cases, it can handle tasks that previously required hundreds of people. It is also increasingly used in unmanned aircraft, especial…",4,2,0,0,6 hours ago,100% Left,https://euobserver.com/233797/first-fully-autonomous-drone-kill-ukraine-heralds-dystopian-future-of-untethered-weaponry/|https://www.lapresse.ca/international/europe/2026-08-27/l-utilisation-d-un-drone-autonome-meurtrier-en-ukraine-suscite-des-craintes.php|https://www.metropoles.com/blog-do-noblat/artigos/quem-vai-prender-a-ia-do-trump-no-drone-do-putin-por-felipe-sampaio|https://denikn.cz/2165100/cil-nevybral-clovek-nybrz-ai-na-ukrajine-lidi-zrejme-poprve-zabil-plne-autonomni-rusky-dron/|https://apps.apple.com/app/apple-store/id1324203419?pt=107503821&ct=unknown&mt=8|https://play.google.com/store/apps/details?id=com.checkitt&referrer=utm_source%3Dunknown
