hashtags                            , qtd_posts, curtidas_medias         , engajamento_medio
beatrizrizzato                      ,         1,   214300.0              , 0.28428259192594496
makeuptutorial💜                    ,         1,       83.0              , 0.2606516290726817
mymakeup                            ,         1,   215900.0              , 0.2589612265303855
lippieph                            ,         1,   215900.0              , 0.2589612265303855
taylorswift                         ,         1,    47000.0              , 0.2578978300180832
2016                                ,         1,    47000.0              , 0.2578978300180832
2016throwback                       ,         1,    47000.0              , 0.2578978300180832
foryouuuuuuuuuuuuuuuuuuuuuuuuuu     ,         1,  2900000.0              , 0.24080262295081967
smokeymakeup                        ,         1,  2900000.0              , 0.24080262295081967
xybca                               ,         1,  2900000.0              , 0.24080262295081967
noflop                              ,         1,   102400.0              , 0.24041274936941068
egirl                               ,         1,   102400.0              , 0.24041274936941068
altmakeup                           ,         2,   801200.0              , 0.23830606218470535
toastymakeup                        ,         1,  1500000.0              , 0.236199375
trendd                              ,         1,  1500000.0              , 0.236199375
90seyeshadow                        ,         1,  1500000.0              , 0.236199375
brownlipliner                       ,         1,  1500000.0              , 0.236199375
dc                                  ,         1,  1500000.0              , 0.236199375
myyesinmakeup                       ,         1,  1500000.0              , 0.236199375
yes                                 ,         2,  1500000.0              , 0.236199375
viralll                             ,         1,  1500000.0              , 0.236199375
darkbrownmakeup                     ,         1,  5100000.0              , 0.22634780701754387
mulherdepreso                       ,         1,    57600.0              , 0.2207443245254931
youtube                             ,         2,  1200000.0              , 0.21936206896551724
bocarosa                            ,         1,  1200000.0              , 0.21936206896551724
maybellineliftergloss               ,         1,  1900000.0              , 0.21807348314606742
lifterglossmaybelline               ,         1,  1900000.0              , 0.21807348314606742
makeupswatches                      ,         1,  1900000.0              , 0.21807348314606742
affordablemakeup                    ,         1,  1900000.0              , 0.21807348314606742
fypviralシ                          ,         1,  1900000.0              , 0.21807348314606742
divas                               ,         1,   152800.0              , 0.21090272373540855
feminina                            ,         1,   152800.0              , 0.21090272373540855
frann                               ,         1,   152800.0              , 0.21090272373540855
marca                               ,         1,   152800.0              , 0.21090272373540855
chocolate                           ,         1,   152800.0              , 0.21090272373540855
crybabymakeup                       ,         1,     8413.0              , 0.20486997635933807
duo                                 ,         1,   137900.0              , 0.19576269157088122
sunandmoon                          ,         1,   137900.0              , 0.19576269157088122
sisters                             ,         1,   137900.0              , 0.19576269157088122
abg                                 ,         1,  5400000.0              , 0.1952238434163701
altpop                              ,         1,     1182.0              , 0.19488188976377951
newband                             ,         1,     1182.0              , 0.19488188976377951
tiktokfashion                       ,         1,   332000.0              , 0.19339555555555554
relateable                          ,         1,  3800000.0              , 0.19102745098039214
real                                ,         1,  3800000.0              , 0.19102745098039214
vanity                              ,         1,  3800000.0              , 0.19102745098039214
lipliners                           ,         1,  3800000.0              , 0.19102745098039214
fypツ                               ,         1,  2800000.0              , 0.18529352941176472
paparazzi                           ,         1,    11200.0              , 0.1838699690402477
fyyy                                ,         2,    34250.0              , 0.18180827317033094
editorialmakeup                     ,         1,   186400.0              , 0.17575454545454544
chicanamakeup                       ,         1,    10600.0              , 0.16849144634525662
brunatavares                        ,         1,    10700.0              , 0.1680517503805175
💗                                  ,         1,    10700.0              , 0.1680517503805175
🤎                                  ,         1,    10700.0              , 0.1680517503805175
@💋                                 ,         1,    10700.0              , 0.1680517503805175
paravoce                            ,         1,    10700.0              , 0.1680517503805175
indiepop                            ,         2,      934.0              , 0.16797445541919753
discovermusic                       ,         2,      934.0              , 0.16797445541919753
song                                ,         1,    16900.0              , 0.16654970760233917
lipglossmaking                      ,         1,    57500.0              , 0.16585002707092583
pourtoipage                         ,         1,   372700.0              , 0.16491608695652174
lashesoftiktok                      ,         1,   372700.0              , 0.16491608695652174
lashes                              ,         1,   372700.0              , 0.16491608695652174
lipglossbusiness                    ,         2,  1063350.0              , 0.164582455858748
history                             ,         1,   897400.0              , 0.15564396551724138
movie                               ,         1,   897400.0              , 0.15564396551724138
marieantoinette                     ,         1,   897400.0              , 0.15564396551724138
latina                              ,         4,   296450.0              , 0.1553257182076172
latinamakeup                        ,         3,  2457566.6666666665     , 0.1549523925187184
nudelipstick                        ,         2,   117300.0              , 0.15444016441341823
fypシ゚                               ,         2,   661100.0              , 0.15289399739804288
nars                                ,         1,   110900.0              , 0.1509859343603483
makeuptut                           ,         1,   886400.0              , 0.1480009836065574
oxnnm                               ,         1,   886400.0              , 0.1480009836065574
premierepro                         ,         1,    62900.0              , 0.14324974515800204
9mice                               ,         1,    62900.0              , 0.14324974515800204
viperr                              ,         1,    62900.0              , 0.14324974515800204
kaiangel                            ,         1,    62900.0              , 0.14324974515800204
baseroutine                         ,         1,   347400.0              , 0.1429116
shine                               ,         1,   293500.0              , 0.14207380952380952
pinkfont                            ,         1,      686.0              , 0.14106702107461552
newsong                             ,         1,      686.0              , 0.14106702107461552
girlsdream                          ,         1,   145100.0              , 0.13998363636363637
guerlainlipstick                    ,         1,   145100.0              , 0.13998363636363637
guerlain                            ,         1,   145100.0              , 0.13998363636363637
sfxmakeup                           ,         3,   150604.33333333334    , 0.13860553324532046
resenhadam                          ,         1,   842400.0              , 0.13751112903225807
crybabychallenge                    ,         1,   667000.0              , 0.135719
clown                               ,         1,   667000.0              , 0.135719
paratiiiiiiiiiiiiiiiiiiiiiiiiiiiiiii,         2,   679400.0              , 0.13530440428380186
glossdemorango                      ,         1,   263800.0              , 0.134553
blogueirinha                        ,         1,    67100.0              , 0.13444378581308042
viralizarnotiktok                   ,         2,    19939.5              , 0.13400058479321772
temmodanomercadolivre               ,         1,    74500.0              , 0.1316899511866689
dancecover                          ,         1,   130600.0              , 0.131074
ningning                            ,         1,   130600.0              , 0.131074
coverdance                          ,         1,   130600.0              , 0.131074
jiselle                             ,         1,   130600.0              , 0.131074
karina                              ,         1,   130600.0              , 0.131074
savage                              ,         1,   130600.0              , 0.131074
sm                                  ,         1,   130600.0              , 0.131074
savagechallenge                     ,         1,   130600.0              , 0.131074
aespa                               ,         1,   130600.0              , 0.131074
aespasavage                         ,         1,   130600.0              , 0.131074
winter                              ,         1,   130600.0              , 0.131074
babylostawearness                   ,         1,      220.0              , 0.12987012987012986
creativemakeup                      ,         3,   108137.0              , 0.1296618989169741
mel                                 ,         2,    76744.5              , 0.12618052853437095
crybaby                             ,         5,   127338.8              , 0.12609508983770892
19thbirthday                        ,         1,      230.0              , 0.12488436632747456
maquiagemartistica                  ,         1,    11600.0              , 0.12367049009384776
makeupchallenge                     ,         1,    11600.0              , 0.12367049009384776
chic                                ,         1,   396500.0              , 0.12084588235294118
redhead                             ,         1,    10600.0              , 0.11689880304678998
naturalmakeup                       ,         2,  2550017.5              , 0.11597794132322474
vicio                               ,         1,    16300.0              , 0.11577158395649219
makeupimportado                     ,         1,    66700.0              , 0.1154101167315175
fypp                                ,         6,   324701.6666666667     , 0.11529003165879342
liphoney                            ,         6,    29289.666666666668   , 0.11344898364134894
benefitcosmetics                    ,         1,       84.0              , 0.11267605633802817
lovemakeup                          ,         1,   109500.0              , 0.112071
makeupasian                         ,         1,   109500.0              , 0.112071
asianmakeup                         ,         1,   109500.0              , 0.112071
grwm                                ,         9,   251651.22222222222    , 0.11189387577241698
hellokitty                          ,         1,   226700.0              , 0.11109142857142858
anime                               ,         1,   226700.0              , 0.11109142857142858
mamushi                             ,         1,   226700.0              , 0.11109142857142858
fashionhacks                        ,         1,    53300.0              , 0.11088080565158576
tipsforgirls                        ,         1,    53300.0              , 0.11088080565158576
girlprobs                           ,         1,   961800.0              , 0.11045666666666666
makeupfail                          ,         1,   961800.0              , 0.11045666666666666
dubistgutgenug                      ,         1,   961800.0              , 0.11045666666666666
brilho                              ,         7,    64843.71428571428    , 0.10815445350381382
misscarriageawareness               ,         1,      302.0              , 0.10777027027027027
lovekit                             ,         2,     8741.0              , 0.1061507125062282
beautifulmakeup                     ,         1,       94.0              , 0.10480349344978165
fypppppppppppppppppppp              ,         7,      289.7142857142857  , 0.10420584819767108
hourglass                           ,         2,    96900.0              , 0.10400765468017414
clownmakeup                         ,         2,    22710.0              , 0.10397789331710808
relatable                           ,         3,   637073.3333333334     , 0.10365973443502781
fran                                ,         2,    98682.5              , 0.1008821393048273
braids                              ,         1,    37500.0              , 0.10001824817518248
mua                                 ,         2,    93234.0              , 0.09976238332482967
makeuptransition                    ,         3,  2263600.0              , 0.09954377421131304
teamreyes                           ,         1,    22000.0              , 0.09817343173431735
fifa                                ,         1,    22000.0              , 0.09817343173431735
dome                                ,         1,    22000.0              , 0.09817343173431735
edits                               ,         1,    22000.0              , 0.09817343173431735
makeu                               ,         1,    22000.0              , 0.09817343173431735
kimloaiza🎀                         ,         1,    22000.0              , 0.09817343173431735
iamferv🌴                           ,         1,    22000.0              , 0.09817343173431735
undereyecreasing                    ,         1,    90200.0              , 0.09776900400084228
influencing                         ,         1,    90200.0              , 0.09776900400084228
concealercreasing                   ,         1,    90200.0              , 0.09776900400084228
deinfluencing                       ,         1,    90200.0              , 0.09776900400084228
resenha                             ,         1,     5831.0              , 0.09774671052631578
cabello                             ,         1,    58800.0              , 0.09755555555555556
videoviral                          ,         3,      189.33333333333334 , 0.09710115764655054
br                                  ,         1,       30.0              , 0.09701492537313433
erasmus                             ,         1,       30.0              , 0.09701492537313433
glos                                ,         4,    86543.5              , 0.09542861541902459
makeuptiktok                        ,         1,  1100000.0              , 0.09479872881355932
lipstickcolortest                   ,         1,  1100000.0              , 0.09479872881355932
empreendedorasdesucesso             ,         1,     2600.0              , 0.09463157894736843
glossmaxlove                        ,         1,     2600.0              , 0.09463157894736843
sheglampartner                      ,         1,   390600.0              , 0.09430023809523809
styleinspo                          ,         1,   299100.0              , 0.09428222222222223
buchona                             ,         1,    11600.0              , 0.09379038613081166
ojitos                              ,         1,    11600.0              , 0.09379038613081166
bonita                              ,         1,    11600.0              , 0.09379038613081166
pourtoi                             ,         5,   121241.2              , 0.09378422676156498
robloxfyp                           ,         1,   252700.0              , 0.09332566666666667
robloxgames                         ,         1,   252700.0              , 0.09332566666666667
yzxcba                              ,         1,   252700.0              , 0.09332566666666667
tdslays                             ,         1,   252700.0              , 0.09332566666666667
makeupstyle                         ,         1,   329600.0              , 0.09256243243243244
prettygirls                         ,         1,   329600.0              , 0.09256243243243244
belezacomidentidade                 ,         1,    15100.0              , 0.09255827505827506
crieiprafrancinha                   ,         1,    15100.0              , 0.09255827505827506
glossdafrancinha                    ,         1,    15100.0              , 0.09255827505827506
glossbrilhoso                       ,         1,    15100.0              , 0.09255827505827506
glosschiclete                       ,         1,    15100.0              , 0.09255827505827506
glossdeboneca                       ,         1,    15100.0              , 0.09255827505827506
lookdafrancinha                     ,         1,    15100.0              , 0.09255827505827506
glossdiva                           ,         1,    15100.0              , 0.09255827505827506
glossexagerado                      ,         1,    15100.0              , 0.09255827505827506
glossfrancineelk                    ,         1,    15100.0              , 0.09255827505827506
glossicônico                        ,         1,    15100.0              , 0.09255827505827506
glossestético                       ,         1,    15100.0              , 0.09255827505827506
glossluxo                           ,         1,    15100.0              , 0.09255827505827506
glossy2k                            ,         1,    15100.0              , 0.09255827505827506
lipbunnybeauty                      ,         1,    15100.0              , 0.09255827505827506
glossrosachoque                     ,         1,    15100.0              , 0.09255827505827506
wishlist                            ,         2,     6461.5              , 0.09179815241798153
lipswatch                           ,         3,   770729.3333333334     , 0.0915254140530653
maquiesecomigo                      ,         1,   224500.0              , 0.090645
maquillajetutorial                  ,         1,   224500.0              , 0.090645
arrumesecomigo                      ,         1,   224500.0              , 0.090645
trendingvideo                       ,         5,   157406.2              , 0.09028636623571588
dicasdemake                         ,         2,    17765.5              , 0.0902760294724662
transition                          ,         4,   271481.75             , 0.0899966408068908
girls                               ,        15,    68807.66666666667    , 0.08991679124179573
bissu                               ,         1,    89000.0              , 0.08947636363636363
fentybeauty                         ,         3,   676466.6666666666     , 0.08932560542049577
maquiagempassoapasso                ,         1,   194300.0              , 0.08911130434782609
blushrubyrose                       ,         1,    39400.0              , 0.08891097483611757
maquiagensbaratinhas                ,         1,    39400.0              , 0.08891097483611757
shoppinghaul                        ,         1,     6870.0              , 0.08848792884371029
shopping                            ,         1,     6870.0              , 0.08848792884371029
subdued                             ,         1,     6870.0              , 0.08848792884371029
unboxingvideo                       ,         1,     6870.0              , 0.08848792884371029
weekday                             ,         1,     6870.0              , 0.08848792884371029
clothes                             ,         1,     6870.0              , 0.08848792884371029
zara                                ,         1,     6870.0              , 0.08848792884371029
brandymelville                      ,         1,     6870.0              , 0.08848792884371029
mochilamalucanaescola               ,         1,   273500.0              , 0.08827484848484848
tutorial                            ,        16,   317108.0625           , 0.08802045404648373
dior                                ,         4,    22605.75             , 0.08671478488506934
roblox                              ,         2,   461800.0              , 0.08575873220973783
anastasiabeverlyhills               ,         2,    73300.0              , 0.08551052608779361
look                                ,         3,   428933.3333333333     , 0.08541287020610201
mulherdepreso🔓🕊👫💍               ,         4,    62984.75             , 0.08521099704731429
fyy                                 ,         4,    50265.75             , 0.08433853692827852
glossier                            ,         3,    51931.0              , 0.08391604592990265
birthday                            ,         2,     7032.0              , 0.0837003691581307
biscoitocut                         ,         2,    85165.5              , 0.08367800345423143
dosrosa                             ,         1,      504.0              , 0.08292978208232446
dids                                ,         1,      504.0              , 0.08292978208232446
voorjou                             ,         3,     7086.0              , 0.08210451592960417
workhair                            ,         1,    16900.0              , 0.08188634192932187
longhairstyle                       ,         1,    16900.0              , 0.08188634192932187
workhairstyles                      ,         1,    16900.0              , 0.08188634192932187
boquenilce                          ,         1,       68.0              , 0.08174692049272117
americanbeauty                      ,         1,   100100.0              , 0.08173692307692308
eyemakeup                           ,         1,   100100.0              , 0.08173692307692308
parati                              ,         5,   222456.6              , 0.08040274936009226
shinegloss                          ,         2,   146794.0              , 0.08032947070914696
blackgirlmakeup                     ,         2,   174503.0              , 0.07937178694942904
secretosdebelleza                   ,         1,    37700.0              , 0.07896649172385951
secretosdemaquillaje                ,         1,    37700.0              , 0.07896649172385951
correctoresdemaquillaje             ,         1,    37700.0              , 0.07896649172385951
gift                                ,         1,     7194.0              , 0.07891280947255112
bsf                                 ,         1,     7194.0              , 0.07891280947255112
flowers                             ,         1,     7194.0              , 0.07891280947255112
diygift                             ,         1,     7194.0              , 0.07891280947255112
parishilton                         ,         1,   670900.0              , 0.07819179775280899
youdontunderstand                   ,         1,   670900.0              , 0.07819179775280899
preshowermakeup                     ,         1,   670900.0              , 0.07819179775280899
youate                              ,         1,   670900.0              , 0.07819179775280899
richgirl                            ,         1,   670900.0              , 0.07819179775280899
glamour                             ,         1,   670900.0              , 0.07819179775280899
losangeles                          ,         1,   670900.0              , 0.07819179775280899
glam                                ,         1,   670900.0              , 0.07819179775280899
uknow                               ,         1,   670900.0              , 0.07819179775280899
onlygirls                           ,         1,   670900.0              , 0.07819179775280899
english                             ,         1,   670900.0              , 0.07819179775280899
british                             ,         1,   670900.0              , 0.07819179775280899
blonde                              ,         1,   670900.0              , 0.07819179775280899
girlsgeneration                     ,         1,   670900.0              , 0.07819179775280899
girlmath                            ,         1,   670900.0              , 0.07819179775280899
night                               ,         1,   670900.0              , 0.07819179775280899
scanditiktok                        ,         1,   670900.0              , 0.07819179775280899
charlotte                           ,         1,   670900.0              , 0.07819179775280899
scandi                              ,         1,   670900.0              , 0.07819179775280899
cartier                             ,         1,   670900.0              , 0.07819179775280899
artist                              ,         1,   670900.0              , 0.07819179775280899
balenciagacitybag                   ,         1,   670900.0              , 0.07819179775280899
ihavetotidymyroom                   ,         1,   670900.0              , 0.07819179775280899
ilovemakeup                         ,         1,   670900.0              , 0.07819179775280899
imboring                            ,         1,   670900.0              , 0.07819179775280899
cleanlook                           ,         1,   670900.0              , 0.07819179775280899
denmark                             ,         1,   670900.0              , 0.07819179775280899
huda                                ,         1,   670900.0              , 0.07819179775280899
houl                                ,         1,   670900.0              , 0.07819179775280899
hahah                               ,         1,   670900.0              , 0.07819179775280899
stockholm                           ,         1,   670900.0              , 0.07819179775280899
tikokespaña                         ,         1,   670900.0              , 0.07819179775280899
LOL                                 ,         1,   670900.0              , 0.07819179775280899
português                           ,         1,   670900.0              , 0.07819179775280899
bohochik                            ,         1,   670900.0              , 0.07819179775280899
aburrimiento                        ,         1,   670900.0              , 0.07819179775280899
2000fyp                             ,         1,   670900.0              , 0.07819179775280899
viralvideos                         ,         5,    77993.4              , 0.07798809352733678
linharosarubyrose                   ,         3,    30238.333333333332   , 0.07739972971192675
rek                                 ,         2,    31683.0              , 0.07676686040861562
selfcare                            ,         1,    26400.0              , 0.07646820671588474
testando                            ,         2,    70800.0              , 0.07594939290654021
fpy                                 ,         2,     4481.5              , 0.07583813339463401
elfcosmetics                        ,         2,    38350.0              , 0.07566265917237072
russianmakeup                       ,         1,   199600.0              , 0.07563814814814815
mymakeuptype                        ,         1,   199600.0              , 0.07563814814814815
glammakeup                          ,         1,   199600.0              , 0.07563814814814815
edutok                              ,         1,   199600.0              , 0.07563814814814815
concealerfullcoverage               ,         1,     2396.0              , 0.07530864197530865
liquidconcealer                     ,         1,     2396.0              , 0.07530864197530865
labial                              ,         2,    96650.0              , 0.0751125
page                                ,         2,     2297.5              , 0.07496169233710197
boyfriend                           ,         1,    74000.0              , 0.07472538461538461
boca                                ,         4,    38579.0              , 0.07445077384408655
bigforeheadfilter                   ,         1,  6200000.0              , 0.07432511210762331
slavicmakeup                        ,         1,  6200000.0              , 0.07432511210762331
fyppppppp                           ,         1,     3103.0              , 0.074
pourtoiii                           ,         1,   207000.0              , 0.07376344827586206
douyinmakeup                        ,         1,  1900000.0              , 0.07359328358208955
korea                               ,         1,       66.0              , 0.07339449541284404
hairpins                            ,         1,   326900.0              , 0.073025
styles                              ,         2,    16917.5              , 0.07281291983246216
kiss                                ,         4,    41916.25             , 0.07252294868452724
concealers                          ,         4,    81200.0              , 0.07228593009021973
baddie                              ,         6,   121889.5              , 0.07158712597419979
baddest                             ,         1,   129000.0              , 0.0713
abacatudo                           ,         1,     3237.0              , 0.0712962962962963
viraliza                            ,         1,     3237.0              , 0.0712962962962963
foryouviral                         ,         1,    73500.0              , 0.07058727272727272
derol                               ,         1,       25.0              , 0.0703125
derolconcealer                      ,         1,       25.0              , 0.0703125
darkspot                            ,         1,       25.0              , 0.0703125
kpop                                ,         2,    65849.0              , 0.06997224096385542
glasslockairgloss                   ,         2,   300700.0              , 0.06956043154761904
sheglamlipgloss                     ,         2,   300700.0              , 0.06956043154761904
vaiprofycaramba                     ,         4,     2006.25             , 0.0693592292111087
toofaced                            ,         6,    36959.833333333336   , 0.06932629143367731
dicasdepatricinha                   ,         1,    12800.0              , 0.06903912828132738
girlsgirlsgirls                     ,         1,   777900.0              , 0.068975
maquigem                            ,         2,     1402.5              , 0.06876249999999999
coisasquevalemapenacomprar          ,         1,        5.0              , 0.06862745098039216
hairstyleinspiration                ,         2,    49450.0              , 0.06861250569168001
lippies                             ,         4,   963172.75             , 0.06850898254388335
korean                              ,         3,   342600.0              , 0.06834050833433165
brilhorollette                      ,         1,      227.0              , 0.06819672131147542
avon                                ,         1,      227.0              , 0.06819672131147542
fypageシ                            ,         2,     3618.5              , 0.06777043305030388
resenhademaquiagem                  ,         3,   281022.3333333333     , 0.0674057296454574
golgloss                            ,         2,    15702.0              , 0.06730711186926763
2020                                ,         2,   342100.0              , 0.06664528787878787
cherrylips                          ,         3,    26862.333333333332   , 0.06652909572228881
trend                               ,        18,    77522.5              , 0.06652397167870784
tigre                               ,         1,     2980.0              , 0.06624190064794816
humor                               ,         2,    78468.5              , 0.06558564814814816
igarimakeup                         ,         1,   161700.0              , 0.06541846153846154
promocao                            ,         8,      886.25             , 0.06520050275890416
makeuplover                         ,         4,    65631.75             , 0.0651957556815334
picsfrompinterest                   ,         3,    99266.66666666667    , 0.06510231860926814
sleek                               ,         1,   280000.0              , 0.06507644444444445
frikitona                           ,         1,   280000.0              , 0.06507644444444445
haar                                ,         1,   280000.0              , 0.06507644444444445
frisuren                            ,         1,   280000.0              , 0.06507644444444445
inverted                            ,         1, 13100000.0              , 0.06501466275659824
greenscreenvideo                    ,         1, 13100000.0              , 0.06501466275659824
mememake                            ,         1,    89200.0              , 0.06490066666666666
oboticario                          ,         1,    89200.0              , 0.06490066666666666
calor                               ,         1,    89200.0              , 0.06490066666666666
omelhordabeleza                     ,         4,    22254.5              , 0.06389998883701162
melu                                ,         3,    31503.666666666668   , 0.06371295953277926
mac                                 ,         2,   139342.0              , 0.06363779501818684
glo                                 ,         1,       12.0              , 0.0635593220338983
vemproclube                         ,         1,      600.0              , 0.06344349245206038
fazendogloss                        ,         1,   500600.0              , 0.06334629629629629
glosscaseiro                        ,         1,   500600.0              , 0.06334629629629629
лореаль                             ,         1,    13400.0              , 0.06269534333070245
рекомендации                        ,         1,    13400.0              , 0.06269534333070245
консилер                            ,         1,    13400.0              , 0.06269534333070245
foryoupage❤️❤️                        ,         3,    20009.666666666668   , 0.0625291387783714
astucecheveux                       ,         4,    21746.75             , 0.062406218547817555
coiffurefacile                      ,         4,    21746.75             , 0.062406218547817555
coiffure                            ,         4,    21746.75             , 0.062406218547817555
cheveux                             ,         4,    21746.75             , 0.062406218547817555
@mie ·˚ ༘                            ,         1,    18500.0              , 0.06228092783505155
francinyehlke                       ,        11,    44881.818181818184   , 0.06218586235321578
tutorialmakeup                      ,         1,       90.0              , 0.06202618883528601
xyzba                               ,         1,       90.0              , 0.06202618883528601
acessorio                           ,         1,    77500.0              , 0.06191384615384615
diva                                ,         2,   126376.0              , 0.06175506362958823
fyyyyyyyyyyyyyyyy                   ,         8,    95139.75             , 0.061710937731639284
เครื่องสําอาง                          ,         2,  2000000.0              , 0.061678299711815564
glossbypamela                       ,         1,     6581.0              , 0.06164220183486239
cherrybomb                          ,         1,     6581.0              , 0.06164220183486239
originalvsfake                      ,         1,     6581.0              , 0.06164220183486239
glosscherrybomb                     ,         1,     6581.0              , 0.06164220183486239
girl                                ,         6,   212509.5              , 0.06101662419604923
truquesdemaquiagem                  ,         2,    41550.0              , 0.060993539539146366
creatorsearchinsight                ,         5,     8732.0              , 0.06059036195616667
concealerbrush                      ,         1,   258900.0              , 0.060553488372093026
makeuptools                         ,         1,   258900.0              , 0.060553488372093026
flawless                            ,         1,   258900.0              , 0.060553488372093026
hacks                               ,         2,    89050.0              , 0.06040661606108699
mulheres                            ,         4,    45119.75             , 0.060397612209543344
fy                                  ,        51,    93033.76470588235    , 0.060395146658082516
glossfrutinha                       ,         1,     1854.0              , 0.06016949152542373
cutehairstyles                      ,         4,   393481.75             , 0.060100551057882756
hairstyletutorial                   ,        10,   397762.9              , 0.06009580434876285
meninadobairro                      ,         1,   153700.0              , 0.059875
explorer                            ,         1,   153700.0              , 0.059875
madureira                           ,         1,   153700.0              , 0.059875
workshopmunich                      ,         1,     2005.0              , 0.059670103092783505
lipstickworkshop                    ,         1,     2005.0              , 0.059670103092783505
lippenstiftselbermachen             ,         1,     2005.0              , 0.059670103092783505
lipstickworkshopmunich              ,         1,     2005.0              , 0.059670103092783505
garotas                             ,         3,     7038.0              , 0.059668881793565505
makeupartist                        ,        13,   179392.07692307694    , 0.05948053064859474
hairstyleinspo                      ,         5,    81760.0              , 0.05928105664223069
sadclown                            ,         1,   283100.0              , 0.059152
paleskinmakeup                      ,         1,    12700.0              , 0.059052678176184155
lançamento                          ,         2,      140.0              , 0.05899708270913822
glosscookie                         ,         1,    27000.0              , 0.0588404868673927
glossfenza                          ,         1,    27000.0              , 0.0588404868673927
chocofun                            ,         1,    27000.0              , 0.0588404868673927
hudabeauty                          ,         5,    33320.2              , 0.058759822665525395
grwmmakeup                          ,         3,   259470.66666666666    , 0.05866330845771144
lab                                 ,         1,    76400.0              , 0.05863142857142857
pharmacystudent                     ,         1,    76400.0              , 0.05863142857142857
pharmacy                            ,         1,    76400.0              , 0.05863142857142857
glossylips                          ,        35,    70223.11428571428    , 0.05825363074052766
hairtutorial                        ,        15,   177430.6              , 0.05814933999937537
fypviral                            ,         1,   198900.0              , 0.05808194444444444
tiktoktransitions                   ,         2,       32.0              , 0.05794333113208129
glitterylipgloss                    ,         1,    88600.0              , 0.0579425
glitterlipgloss                     ,         1,    88600.0              , 0.0579425
rubyros                             ,         1,     1005.0              , 0.05791208791208791
tiktokmake                          ,         1,     1005.0              , 0.05791208791208791
flawlessbase                        ,         3,   116087.66666666667    , 0.057875512082574375
asmr                                ,         8,   163170.625            , 0.05783366994053873
voorjoupagina                       ,         3,     4738.333333333333   , 0.05780475060992498
darkcirclesmakeup                   ,         1,   180100.0              , 0.05779787878787879
concealingdarkcircles               ,         1,   180100.0              , 0.05779787878787879
highcoverageconcealer               ,         1,   180100.0              , 0.05779787878787879
meritbeauty                         ,         1,       18.0              , 0.05778894472361809
roupasfemininas                     ,         1,   107300.0              , 0.05756631578947369
moots                               ,         2,     1238.5              , 0.05732256743315195
kikomilano                          ,         1,    40800.0              , 0.057097938144329896
kikomattediaries                    ,         1,    40800.0              , 0.057097938144329896
limitededition                      ,         1,    40800.0              , 0.057097938144329896
viral                               ,        78,   130026.93589743589    , 0.05705866738372901
hourglassconcealerbrush             ,         1,    82900.0              , 0.057029375
yellowconcealer                     ,         1,    82900.0              , 0.057029375
fypシ                               ,        21,    70833.90476190476    , 0.05680478853694465
dica                                ,         3,    32517.333333333332   , 0.05665191096627159
raya2026                            ,         3,       30.333333333333332, 0.056586238712072155
floralprint                         ,         3,       30.333333333333332, 0.056586238712072155
bajukurung                          ,         3,       30.333333333333332, 0.056586238712072155
queroviralizar                      ,         1,      310.0              , 0.056452877528618474
fipシ                               ,         1,      310.0              , 0.056452877528618474
halloweenlook                       ,         1,   215800.0              , 0.056448333333333336
hallooween                          ,         1,   215800.0              , 0.056448333333333336
tigerlook                           ,         1,   215800.0              , 0.056448333333333336
tigermakeup                         ,         1,   215800.0              , 0.056448333333333336
academia                            ,         1,     5924.0              , 0.05629906542056075
lyn                                 ,         1,     5924.0              , 0.05629906542056075
pump                                ,         1,       41.0              , 0.055900621118012424
glossbigmouth                       ,         1,       41.0              , 0.055900621118012424
meusfavsdomercadolivre              ,         4,    35805.75             , 0.055021349637888184
mboom                               ,         3,    14356.666666666666   , 0.0548722290258351
makeups                             ,         2,      214.5              , 0.05464934287873698
redthoughtsforhim                   ,         1,    11000.0              , 0.054171052631578946
you                                 ,         1,    11000.0              , 0.054171052631578946
redthoughts                         ,         1,    11000.0              , 0.054171052631578946
kisses                              ,         1,    11000.0              , 0.054171052631578946
face                                ,         1,    11000.0              , 0.054171052631578946
me                                  ,         1,    11000.0              , 0.054171052631578946
him                                 ,         1,    11000.0              , 0.054171052631578946
lipsticktrend                       ,         1,    11000.0              , 0.054171052631578946
content                             ,         1,       27.0              , 0.05387205387205387
zyxbca                              ,         3,   174333.33333333334    , 0.05376557497037645
glosssarahasbeauty                  ,         1,      321.0              , 0.053716216216216216
glosskiko                           ,         1,      321.0              , 0.053716216216216216
makeup                              ,       223,   199467.58295964127    , 0.05308697999599878
newmakeup                           ,         1,    26600.0              , 0.05285583607757043
somalitiktok                        ,         1,      931.0              , 0.05259067357512953
furdich                             ,         2,     1061.0              , 0.05245487064931928
fypage                              ,         5,    79315.4              , 0.05237896907097809
glossradiantkiss                    ,         1,    16200.0              , 0.05221378340365682
rubyrosegloss                       ,         1,    16200.0              , 0.05221378340365682
edit                                ,         2,   128088.0              , 0.05190540653273491
timedids                            ,         1,    30900.0              , 0.05168444165621079
gb10carrie                          ,         1,       13.0              , 0.051587301587301584
rating                              ,         3,    23942.666666666668   , 0.05100809498746467
braidstyle                          ,         2,    55500.0              , 0.05054916369167449
cream                               ,         1,   438700.0              , 0.05054358695652174
beautytok                           ,         7,    55552.71428571428    , 0.05052764147366893
video                               ,         5,     3908.2              , 0.05042658894394568
makeuptingles                       ,         1,   384000.0              , 0.05041417721518987
asmrmaquillaje                      ,         1,   384000.0              , 0.05041417721518987
dailymakeuptutorial                 ,         1,   384000.0              , 0.05041417721518987
asmrmakeuptutorial                  ,         1,   384000.0              , 0.05041417721518987
rutinademaquillaje                  ,         1,   384000.0              , 0.05041417721518987
dailymakeuproutine                  ,         1,   384000.0              , 0.05041417721518987
makeupasmrvideo                     ,         1,   384000.0              , 0.05041417721518987
videotiktok                         ,         1,    22900.0              , 0.05038966630785791
flypシ゚viral                         ,         1,    22900.0              , 0.05038966630785791
fly                                 ,         1,    22900.0              , 0.05038966630785791
oilyskin                            ,         2,     6514.0              , 0.050388921500156385
foryoupage                          ,        54,   127527.31481481482    , 0.05036445609379065
maybelline                          ,         7,   287242.71428571426    , 0.05024623947696679
lipcombo                            ,        16,   423165.8125           , 0.05022533892396075
fyp                                 ,       180,   120140.85             , 0.04991084053689775
girltiktok                          ,         1,     9853.0              , 0.049896704377766846
beginnerfriendly                    ,         1,     3353.0              , 0.04987270155586987
contenttrend👀                      ,         1,     3353.0              , 0.04987270155586987
videotrendcreator                   ,         1,     3353.0              , 0.04987270155586987
cosmetics                           ,         7,   188350.85714285713    , 0.04966058184068859
maquiagemmasculina                  ,         1,     4821.0              , 0.049638318670576734
koreancouple                        ,         1,    84500.0              , 0.04947
hiritcouple                         ,         1,    84500.0              , 0.04947
funny                               ,         1,    84500.0              , 0.04947
brasil                              ,         3,     2628.3333333333335  , 0.04929341717007662
saojoao                             ,         1,   324000.0              , 0.049140597014925375
makeupreview                        ,         9,    16081.555555555555   , 0.04913350711589364
softgirl                            ,         2,     8233.0              , 0.04908485124260062
hairhack                            ,         4,   178341.5              , 0.048900761335586025
longhair                            ,         3,   451666.6666666667     , 0.048883177174443515
fyppppppppppppppppppppppp           ,        15,   201130.13333333333    , 0.048576016916110916
makemarrom                          ,         1,     1965.0              , 0.048518518518518516
dicademaquiagem                     ,         1,     1965.0              , 0.048518518518518516
makeuptransformation                ,         4,   122815.0              , 0.048435400759499286
concealertips                       ,        10,    17016.2              , 0.048110614858439586
fouryou                             ,         1,       35.0              , 0.048051948051948054
makeupsharing                       ,         1,     8706.0              , 0.0479549114331723
glitterlips                         ,         2,   250350.0              , 0.047930063559322035
fypシ゚viral                          ,        12,    31276.916666666668   , 0.04790459655845942
fryp                                ,         1,    17600.0              , 0.04754737123031759
zyxcba                              ,         1,    25600.0              , 0.04738099514999102
lorealparis                         ,         2,    10811.5              , 0.047367814615318735
perfect                             ,         2,   337546.0              , 0.047315925226865625
vaiprofy                            ,         2,     1332.5              , 0.04725326797385621
cute                                ,         8,   253220.625            , 0.047126376694833085
rubyrosemakeup                      ,        14,     7422.928571428572   , 0.04699945375141377
mercadolivre                        ,         6,    25846.833333333332   , 0.04678864194013293
gloss                               ,       216,    27568.212962962964   , 0.046785329688722434
makeuptrend                         ,         2,    99855.5              , 0.04655330393682189
blindbox                            ,         1,     4170.0              , 0.046520640269587195
mboombeauty                         ,         1,     4170.0              , 0.046520640269587195
turkish                             ,         1,   269400.0              , 0.046349
handeerçel                          ,         1,   269400.0              , 0.046349
العرب                               ,         1,   269400.0              , 0.046349
turkey                              ,         1,   269400.0              , 0.046349
makeuptutorial                      ,        33,   217018.87878787878    , 0.046072536820485226
makeuptok                           ,         6,   217215.66666666666    , 0.045998445076042414
phallebeauty                        ,         1,       93.0              , 0.04593929450369155
fairskin                            ,         2,     6643.0              , 0.04585446408809207
paleskin                            ,         2,     6643.0              , 0.04585446408809207
hairstyleideas                      ,        12,   143469.08333333334    , 0.04565024802216517
art                                 ,         2,   338464.5              , 0.045630787398287236
clarinhaencantada                   ,         1,    20100.0              , 0.045353128313891836
familiadivertidadasah               ,         1,    20100.0              , 0.045353128313891836
tinta                               ,         1,     1758.0              , 0.04522072936660269
2pa2                                ,         1,     1758.0              , 0.04522072936660269
regresoaclases                      ,         1,     1758.0              , 0.04522072936660269
hudabeautyconcealer                 ,         1,    56400.0              , 0.04502307692307692
viralbeauty                         ,         1,    56400.0              , 0.04502307692307692
glossbrilho                         ,         2,     3897.0              , 0.044991149425287355
schoolhairideas                     ,         1,    45900.0              , 0.04497
littlegirlhairstyles                ,         1,    45900.0              , 0.04497
backtoschoolhairstyles              ,         1,    45900.0              , 0.04497
glitter                             ,         1,      181.0              , 0.04478609625668449
fashiontiktok                       ,         1,    70500.0              , 0.04450875
glossdebrilho                       ,         1,       68.0              , 0.044252873563218394
blair                               ,         1,       26.0              , 0.04409448818897638
foryoupagе                          ,         1,       26.0              , 0.04409448818897638
boombox                             ,         2,    13256.5              , 0.043928547802386815
po                                  ,         2,    10847.0              , 0.04392578033159979
uk                                  ,         2,   335476.5              , 0.04387296894009876
hair                                ,        20,   178383.55             , 0.04383814146475431
girlygirl                           ,         3,   259952.66666666666    , 0.04376235808350162
hairideas                           ,         3,   385500.0              , 0.04375893347169377
garotasapoiamgarotas💝🎀✨️           ,         6,     3388.5              , 0.04355198421854683
mlbb                                ,         1,    45500.0              , 0.04351636363636364
lippierecomendation                 ,         1,    45500.0              , 0.04351636363636364
topten                              ,         1,   159200.0              , 0.04345594594594595
sparkle                             ,         2,   337430.5              , 0.043429809626436784
makeupph                            ,         2,    43250.0              , 0.04333449626432781
curlyhairroutine                    ,         1,  2000000.0              , 0.04328842504743833
foyoupage                           ,         1,  2000000.0              , 0.04328842504743833
curlyhaircheck                      ,         1,  2000000.0              , 0.04328842504743833
siluhaircare                        ,         1,  2000000.0              , 0.04328842504743833
curlygirl                           ,         1,  2000000.0              , 0.04328842504743833
curlyhairtips                       ,         1,  2000000.0              , 0.04328842504743833
basemakeup                          ,         1,    41000.0              , 0.04315262889229199
ratingmyconcealers                  ,         1,    41000.0              , 0.04315262889229199
ratings                             ,         1,    41000.0              , 0.04315262889229199
concealerrecomendations             ,         6,     4207.833333333333   , 0.042973684846523086
blackhairstyle                      ,         2,   553200.0              , 0.04282214814814815
3c4a                                ,         1,   553200.0              , 0.04282214814814815
edgestutorial                       ,         1,   553200.0              , 0.04282214814814815
edges                               ,         1,   553200.0              , 0.04282214814814815
satisfying                          ,         1,   553200.0              , 0.04282214814814815
swoops                              ,         1,   553200.0              , 0.04282214814814815
blackhair                           ,         1,   553200.0              , 0.04282214814814815
blackgirl                           ,         1,   553200.0              , 0.04282214814814815
heartedges                          ,         1,   553200.0              , 0.04282214814814815
staredges                           ,         1,   553200.0              , 0.04282214814814815
grwmroutine                         ,         1,   553200.0              , 0.04282214814814815
babyhairs                           ,         1,   553200.0              , 0.04282214814814815
getreadywithme                      ,         1,   553200.0              , 0.04282214814814815
datenightstyle                      ,         1,   553200.0              , 0.04282214814814815
matte                               ,         1,    57200.0              , 0.042757142857142855
mattelips                           ,         1,    57200.0              , 0.042757142857142855
lipstickviral                       ,         1,    57200.0              , 0.042757142857142855
rosa                                ,         2,       88.5              , 0.04257844968307479
wonderrubyrose                      ,        10,     2186.5              , 0.04249373056228517
make                                ,        31,    49150.83870967742    , 0.04219731889753025
undereyecircles                     ,         1,    29700.0              , 0.04206611570247934
secretboombox                       ,         3,     9090.0              , 0.04205445150116566
hairinspo                           ,        11,   255186.45454545456    , 0.04193181221151726
mboomie                             ,         1,    12500.0              , 0.04162784009203336
hydratingconcealer                  ,         1,     4182.0              , 0.04153920619554695
blowitup                            ,         1,     4182.0              , 0.04153920619554695
hairs                               ,         1,   819800.0              , 0.04151251162790698
gatamakeac                          ,         1,      689.0              , 0.04145833333333333
gatamakepremium                     ,         1,      689.0              , 0.04145833333333333
honey                               ,         1,      689.0              , 0.04145833333333333
glosspuntagruesa😍                  ,         1,    22600.0              , 0.04143834526650756
mercadolivremoda                    ,         3,     4839.333333333333   , 0.04130333472045919
afropaty                            ,         1,    39700.0              , 0.041279
style                               ,         2,     6651.5              , 0.04122535714285714
summer                              ,         2,     2136.5              , 0.04112440838404327
easymakeup                          ,         1,   226100.0              , 0.041046724137931034
bluelipstick                        ,         1,      184.0              , 0.04088586030664395
sheglam                             ,         7,   103821.28571428571    , 0.040817502395264764
hairstyle                           ,        51,   172498.98039215687    , 0.04068241724572632
lipglow                             ,         1,      290.0              , 0.04059296203934608
glosslip                            ,         1,      290.0              , 0.04059296203934608
rubyroseblow                        ,         3,    13540.666666666666   , 0.040460155836520094
shineink                            ,         1,       60.0              , 0.04042288557213931
ugcrubylovers                       ,         1,       60.0              , 0.04042288557213931
fyyyy                               ,         1,       10.0              , 0.040293040293040296
gotica                              ,         1,   431500.0              , 0.03996490909090909
makepesada                          ,         1,   431500.0              , 0.03996490909090909
mico                                ,         1,   431500.0              , 0.03996490909090909
maquiagem2020                       ,         1,   431500.0              , 0.03996490909090909
girlythings                         ,         5,    26320.8              , 0.039862289615642955
linhawonder                         ,         8,      831.375            , 0.03982745421597127
duokiss                             ,         1,     5233.0              , 0.039793887704335465
inspo                               ,         3,    21999.666666666668   , 0.03962471645580253
lipproducts                         ,         2,    12923.5              , 0.03958286597772587
roadto10k                           ,         1,       81.0              , 0.03933649289099526
rubyrosemaquiagem                   ,         4,     8106.5              , 0.038974641731849474
gym                                 ,         2,    21862.0              , 0.0389717549325026
hairstyles                          ,        14,   143959.57142857142    , 0.03895809558037174
foryou                              ,        74,   140738.1891891892     , 0.038946777271955245
girly                               ,         3,     5507.0              , 0.038601619051393574
diorbeauty                          ,         1,    18700.0              , 0.03824676616915423
diormakeup                          ,         1,    18700.0              , 0.03824676616915423
narscosmetics                       ,         1,    18700.0              , 0.03824676616915423
milkmakeup                          ,         1,    18700.0              , 0.03824676616915423
maybellinefitme                     ,         1,    18700.0              , 0.03824676616915423
maquillaje                          ,         7,   193655.7142857143     , 0.03819694982319055
hairtok                             ,        17,   121559.58823529411    , 0.03814888382551003
aec320                              ,         1,    10600.0              , 0.03801487414187643
belezanomercadolivre                ,         1,    10600.0              , 0.03801487414187643
sparklylipstick                     ,         1,   412100.0              , 0.03791762711864407
lmakeuptok                          ,         1,   412100.0              , 0.03791762711864407
kikomolano                          ,         1,   412100.0              , 0.03791762711864407
kikomilanomakeup                    ,         1,   412100.0              , 0.03791762711864407
kikoholidaywonderlights             ,         1,   412100.0              , 0.03791762711864407
maquiagem                           ,       113,    29231.548672566372   , 0.03788158681898636
bestie                              ,         2,      128.0              , 0.037817518265563545
haul                                ,         3,    10109.333333333334   , 0.03777403977330026
beautifulredlips                    ,         1,   978900.0              , 0.03764912547528517
glossnacional                       ,         2,       25.0              , 0.03756054396423249
makemefamous                        ,         4,    96526.25             , 0.037427438892531056
pink                                ,         3,    84282.0              , 0.03737636523978487
glowup                              ,         5,      227.4              , 0.0371580057520277
tiktokshopbr99                      ,         3,      259.6666666666667  , 0.03692483039940667
glossbalm                           ,         1,     9729.0              , 0.03679115300942712
lipstickshow                        ,         3,   371081.3333333333     , 0.036718424724750336
straighthair                        ,         1,   108800.0              , 0.03657741935483871
beatytok                            ,         1,   108800.0              , 0.03657741935483871
girlytok                            ,         1,   108800.0              , 0.03657741935483871
tiktokbeauty                        ,         3,    29925.333333333332   , 0.03656348021248961
achadinho                           ,         2,      730.0              , 0.036533947638763505
maekup                              ,         1,    56700.0              , 0.0364025
manhwa                              ,         1,      772.0              , 0.03634361233480176
은닉                                ,         1,      772.0              , 0.03634361233480176
han                                 ,         1,      772.0              , 0.03634361233480176
manhwabl                            ,         1,      772.0              , 0.03634361233480176
hector                              ,         1,      772.0              , 0.03634361233480176
hidden                              ,         1,      772.0              , 0.03634361233480176
concealmentmanhwa                   ,         1,      772.0              , 0.03634361233480176
hiddenmanhwa                        ,         1,      772.0              , 0.03634361233480176
manhwareccomendation                ,         1,      772.0              , 0.03634361233480176
concealment                         ,         1,      772.0              , 0.03634361233480176
conceler                            ,         1,    53200.0              , 0.03630866666666667
favs                                ,         1,    53200.0              , 0.03630866666666667
concealerreview                     ,        14,    18376.428571428572   , 0.036256679709612306
aldimakeup                          ,         1,      317.0              , 0.03619909502262444
aldionline                          ,         1,      317.0              , 0.03619909502262444
aldisued                            ,         1,      317.0              , 0.03619909502262444
p2cosmetics                         ,         1,      317.0              , 0.03619909502262444
p2makeup                            ,         1,      317.0              , 0.03619909502262444
p2lippenstift                       ,         1,      317.0              , 0.03619909502262444
hourglassconcealer                  ,         2,    28609.5              , 0.035983760683760684
makeuptipstiktok                    ,         1,    69500.0              , 0.0359175
lippower                            ,         1,    69500.0              , 0.0359175
sheglamliquidfam                    ,         1,    22900.0              , 0.03585247148288973
sheglamcolorcorrector               ,         1,    22900.0              , 0.03585247148288973
sheglamhighlighter                  ,         1,    22900.0              , 0.03585247148288973
tfit                                ,         2,   221680.0              , 0.03582264093588799
whiteconcealer                      ,         2,    35753.5              , 0.03576940710382513
beauty                              ,        48,   127979.8125           , 0.035704897713544397
rubyrose                            ,       144,     3541.4236111111113  , 0.03563382060460763
halfupdo                            ,         1,    48900.0              , 0.035541176470588236
simplehairstyle                     ,         1,    48900.0              , 0.035541176470588236
youthfulhairstyle                   ,         1,    48900.0              , 0.035541176470588236
easybraiding                        ,         1,    48900.0              , 0.035541176470588236
share                               ,         3,    11519.0              , 0.03537262623726869
glossy                              ,         6,    49222.166666666664   , 0.03532363311543683
makeupcourse                        ,         1,   257000.0              , 0.03519207792207792
sfx                                 ,         1,   257000.0              , 0.03519207792207792
testandomaquiagem                   ,         2,      322.0              , 0.03513337797868185
newhairstyle                        ,         1,    16200.0              , 0.03508079978088195
shorthair                           ,         1,   311300.0              , 0.03500112244897959
penteadosimples                     ,         2,   674100.0              , 0.034910529885057474
maclipstick                         ,         3,     8750.666666666666   , 0.034844427231079673
makeupranking                       ,         1,    17400.0              , 0.03484021823850351
productsreview                      ,         1,    17400.0              , 0.03484021823850351
explorepage                         ,         1,   364400.0              , 0.03471626168224299
product                             ,         2,    30107.5              , 0.03461469442322384
makeupforbeginners                  ,         4,     5556.25             , 0.03460144739511492
beginnermakeup                      ,         3,     3144.6666666666665  , 0.03455014282301575
creatorsearchinsights               ,        23,     9046.478260869566   , 0.03436092367445372
glossglitter                        ,         4,     2415.5              , 0.034323983087082725
lipgloss                            ,        57,    74363.1052631579     , 0.034291098893317794
прическа                            ,         1,    27300.0              , 0.034267294817753535
myhairtype                          ,         1,    27300.0              , 0.034267294817753535
макияж                              ,         1,    27300.0              , 0.034267294817753535
presilha                            ,         2,    39231.5              , 0.03409479493046999
viralvideo                          ,        14,    24848.14285714286    , 0.03407190140904678
fup                                 ,         2,   107924.5              , 0.034063067016105314
glossfrutado                        ,         1,       56.0              , 0.034025374855824686
glossdossonhos                      ,         1,       56.0              , 0.034025374855824686
graduation2021                      ,         1,    24500.0              , 0.03399610347440199
capcut                              ,         9,    38028.555555555555   , 0.03398820810951904
foryoufypp                          ,         1,    50500.0              , 0.03395125
rubyrosewonder                      ,         3,       43.333333333333336, 0.033823609464635106
feminino                            ,         1,      321.0              , 0.03380952380952381
concealerrecommendation             ,         2,    90082.5              , 0.03380302132095511
backtoschool                        ,         1,     3202.0              , 0.03373558118899734
parentsoftiktok                     ,         1,     3202.0              , 0.03373558118899734
fullcoverage                        ,         6,    70230.83333333333    , 0.03371664933976642
hidratante                          ,         1,        3.0              , 0.03361344537815126
linhablowrubyrose                   ,         3,    17982.333333333332   , 0.033459530779624526
produtosdemaquiagem                 ,         1,      629.0              , 0.033434343434343435
glossrubyrose                       ,        16,     1621.8125           , 0.03329522495212275
makeupmusthaves                     ,         3,     6254.0              , 0.033268734232017004
braidstyles                         ,         2,    63500.0              , 0.03294276595744681
brand                               ,         1,    13500.0              , 0.03290431266846361
collection                          ,         1,    13500.0              , 0.03290431266846361
cosmetic                            ,         1,    13500.0              , 0.03290431266846361
beautieschoice                      ,         1,    13500.0              , 0.03290431266846361
sanchaung                           ,         1,    13500.0              , 0.03290431266846361
corrector                           ,         3,    24718.0              , 0.032829954199279615
makeuprecomendation                 ,         4,    23938.0              , 0.03282873392593535
lipstick                            ,        90,    69347.88888888889    , 0.03279934446645906
baddiehairstyle                     ,         4,   102100.0              , 0.03273878606649201
makebarata                          ,         2,      618.0              , 0.032624599196837155
like                                ,         1,    11500.0              , 0.03238107892638852
pasha                               ,         1,    11500.0              , 0.03238107892638852
easyhairstyles                      ,         8,   334863.375            , 0.032181525086656365
makeupforblackwomen                 ,         1,     3063.0              , 0.032119741100323625
makeupdrugstore                     ,         1,     3063.0              , 0.032119741100323625
makeup101                           ,         1,     3063.0              , 0.032119741100323625
makebaratinha                       ,         3,      471.0              , 0.032107245679806364
hairtrends                          ,         2,   231000.0              , 0.032079059327769
notebbconcealer                     ,         1,     8223.0              , 0.032040285899935024
skinfoodconcealer                   ,         1,     8223.0              , 0.032040285899935024
topfaceconcealer                    ,         1,     8223.0              , 0.032040285899935024
ootdoorgirl                         ,         1,     8223.0              , 0.032040285899935024
nyxbarewithme                       ,         1,     8223.0              , 0.032040285899935024
pastelliquidconcelear               ,         1,     8223.0              , 0.032040285899935024
gözaltıqapadıcı                     ,         1,     8223.0              , 0.032040285899935024
lojademaquiagem                     ,         4,      999.0              , 0.03200645423190577
lipglosses                          ,         3,   533392.0              , 0.03195346748078188
sheglamconcealer                    ,         2,    15434.5              , 0.03193856028783309
jiew82633tiktokpopularlipstick      ,         1,  1600000.0              , 0.03192335282651072
review                              ,         1,     1748.0              , 0.03185763888888889
concealerhack                       ,        14,    23870.0              , 0.0316873590580428
battlemakeup                        ,         1,    14900.0              , 0.031651899980311086
anticernes                          ,         1,    14900.0              , 0.031651899980311086
haileybieber                        ,         1,    25500.0              , 0.03164867749970347
makeuphacks                         ,        21,    63065.333333333336   , 0.0315639901975054
lips                                ,        19,   268670.1052631579     , 0.031349272884480146
glosswonderlumen                    ,         1,       38.0              , 0.03127171646977067
lançamentorubyrose                  ,         1,       38.0              , 0.03127171646977067
linhablow                           ,         7,     3854.4285714285716  , 0.03115404864742832
glosswonder                         ,         4,     1975.5              , 0.031144748539610776
pentado                             ,         1,     1425.0              , 0.031117886178861787
paperlipstick                       ,         1,     1965.0              , 0.031068356722498868
virallipstick                       ,         1,     1965.0              , 0.031068356722498868
giftidea                            ,         1,     1965.0              , 0.031068356722498868
popstarrubyrose                     ,         4,     1095.0              , 0.031057374772781258
glosspreto                          ,         2,      408.5              , 0.031038558239221827
lipmatte                            ,         4,    19233.5              , 0.03099125384577856
maquiagemtiktok                     ,        10,     1895.7              , 0.030949991292481327
estilosas                           ,         1,        2.0              , 0.030927835051546393
compreaqui                          ,         1,        2.0              , 0.030927835051546393
tiktokviral                         ,         3,      693.3333333333334  , 0.030927109315904828
lipcombotutorial                    ,         1,    25200.0              , 0.03091898148148148
lipcombotiktok                      ,         1,    25200.0              , 0.03091898148148148
xyzbca                              ,         1,    25200.0              , 0.03091898148148148
concealer                           ,        70,    30716.257142857143   , 0.03079346662433499
testandoprodutos                    ,         1,      227.0              , 0.030597014925373135
wonderubyrose                       ,         1,      150.0              , 0.030596731280881796
fashion                             ,         6,    21410.666666666668   , 0.030566717116001205
chaveiro                            ,         1,       65.0              , 0.03042328042328042
اكسبلور_العراق_بغداد_               ,         1,    49600.0              , 0.03039421052631579
زوزي🦢                              ,         1,    49600.0              , 0.03039421052631579
مشاهير_التيك_توك                    ,         1,    49600.0              , 0.03039421052631579
كونسيلر                             ,         1,    49600.0              , 0.03039421052631579
goviral                             ,         5,    67817.2              , 0.030266300682918367
pinterest                           ,         6,    66588.66666666667    , 0.030236322242942
drugstoreconcealer                  ,         3,    61184.333333333336   , 0.030230220577780076
minigloss                           ,         1,       52.0              , 0.03018446059250978
tripe                               ,         1,    18900.0              , 0.03009140767824497
tripod                              ,         1,    18900.0              , 0.03009140767824497
criadordeconteudo                   ,         1,    18900.0              , 0.03009140767824497
музыкадлядуши                       ,         1,     1323.0              , 0.030065359477124184
музыкавмашину                       ,         1,     1323.0              , 0.030065359477124184
музыка                              ,         1,     1323.0              , 0.030065359477124184
tik                                 ,         1,     1323.0              , 0.030065359477124184
romand                              ,         1,    10900.0              , 0.029876736889287315
romandjuicylastingtint              ,         1,    10900.0              , 0.029876736889287315
lojadeprecounico                    ,         1,     1983.0              , 0.02976470588235294
stitch                              ,         1,     1983.0              , 0.02976470588235294
makede10                            ,         1,     1983.0              , 0.02976470588235294
styletips                           ,         2,  1000007.0              , 0.02967173545949898
narsconcealer                       ,         3,    19125.666666666668   , 0.02949512617012617
lippy                               ,         1,   492700.0              , 0.029327967032967032
makeuplips                          ,         1,   492700.0              , 0.029327967032967032
lippysynctok                        ,         1,   492700.0              , 0.029327967032967032
rouge                               ,         1,   492700.0              , 0.029327967032967032
blowup                              ,         2,    28438.0              , 0.029282655627750995
ideas                               ,         5,    38214.6              , 0.02921129516978741
wonder                              ,        14,      270.07142857142856 , 0.029146255816543738
fyppp                               ,         8,    68239.875            , 0.02906401138512279
konten                              ,         1,    47600.0              , 0.02905157894736842
glossazul                           ,         1,       14.0              , 0.028985507246376812
skincare                            ,         3,     9058.0              , 0.028751423969158457
marrom                              ,         1,     1191.0              , 0.028610478359908882
garota                              ,         1,     1191.0              , 0.028610478359908882
liptint                             ,         5,   135405.8              , 0.02854888536173818
lancamento                          ,         8,     1681.875            , 0.028493174963890613
produtos                            ,         1,     5169.0              , 0.028259297520661156
makes                               ,         1,     5169.0              , 0.028259297520661156
dailytrend                          ,         1,     5169.0              , 0.028259297520661156
deliveryalloverpakistan🇵🇰         ,         1,    33300.0              , 0.02825
viralsong                           ,         1,    33300.0              , 0.02825
brilhonoslábios                     ,         2,     1810.5              , 0.028128288271201167
cherrylipsrubyrose                  ,         1,      854.0              , 0.02810344827586207
sheglammusthaves                    ,         1,     7969.0              , 0.028024649092776445
consantanderconecto                 ,         1,     7969.0              , 0.028024649092776445
adv                                 ,         1,     7969.0              , 0.028024649092776445
focallurebeauty                     ,         1,   673700.0              , 0.028014918699186993
ombrelip                            ,         1,   673700.0              , 0.028014918699186993
focallurebeautyshow                 ,         1,   673700.0              , 0.028014918699186993
fppppppppppppppppppp                ,         1,      103.0              , 0.027946537059538274
makeupasmr                          ,         3,   214766.66666666666    , 0.027915211611334725
loja                                ,         1,     2958.0              , 0.027596774193548387
empreendedorismo                    ,         1,     2958.0              , 0.027596774193548387
fallinspo                           ,         1,   353200.0              , 0.0275806993006993
bow                                 ,         1,   353200.0              , 0.0275806993006993
fall                                ,         1,   353200.0              , 0.0275806993006993
cleangirl                           ,         4,   167887.5              , 0.027558945762052093
lip                                 ,        11,    50498.90909090909    , 0.02738142323000213
dicasemaquiagem                     ,         1,    49700.0              , 0.027245
achadosshopee                       ,         1,      988.0              , 0.02720812182741117
paty                                ,         1,      988.0              , 0.02720812182741117
patygirl                            ,         1,      988.0              , 0.02720812182741117
kyliecosmeticsconcealer             ,         1,      819.0              , 0.026944444444444444
drugstoremakeup                     ,         4,     7202.0              , 0.02689828366743459
rarebeauty                          ,         2,    10461.5              , 0.026895660312299886
viralmakeup                         ,         2,    10461.5              , 0.026895660312299886
glamlook                            ,         1,     8232.0              , 0.02684927267099969
darkfemininemakeup                  ,         1,     8232.0              , 0.02684927267099969
radiantkiss                         ,         1,       35.0              , 0.026825633383010434
glossmarrom                         ,         1,       35.0              , 0.026825633383010434
lipcombomarrom                      ,         1,       35.0              , 0.026825633383010434
lipglossrubyrose                    ,         2,      234.0              , 0.026778198131150253
peinado                             ,         1,   156700.0              , 0.026748571428571427
outfits                             ,         1,   156700.0              , 0.026748571428571427
curlyhairtutorial                   ,         2,  1002543.5              , 0.02654973308689071
curlyhair                           ,         2,  1002543.5              , 0.02654973308689071
tiktok                              ,        16,   130406.8125           , 0.026506955307134664
couple                              ,         2,    42254.0              , 0.02638880374862183
forgirls                            ,         4,    76507.25             , 0.026374739824402468
maclipcombo                         ,         1,      567.0              , 0.026306306306306305
tartecosmetics                      ,         2,    10202.5              , 0.026287684394620783
hairstyletrends                     ,         1,    55000.0              , 0.025860869565217392
curlyhairstyles                     ,         1,    55000.0              , 0.025860869565217392
dailyfypviral                       ,         1,     3154.0              , 0.025814121037463975
transicao                           ,         1,     3154.0              , 0.025814121037463975
paleta                              ,         1,      236.0              , 0.025755879059350503
halloweenmakeup                     ,         4,   218119.25             , 0.025694678517420282
viralizar                           ,         1,     2069.0              , 0.025666666666666667
love                                ,         3,     3747.6666666666665  , 0.025535143301278023
sephora                             ,         5,    11632.4              , 0.025531901316250123
longhairstyles                      ,         2,   435750.0              , 0.025415688633400497
makeitviral                         ,         1,     1586.0              , 0.025337423312883436
menina                              ,         1,      770.0              , 0.025300859598853868
oreo                                ,         1,    11800.0              , 0.025266260561996462
tradebeauty                         ,         2,    79731.5              , 0.025170795357401198
sephoraconcealers                   ,         2,    14853.0              , 0.025168396197104332
facepaint                           ,         1,    62200.0              , 0.025161785714285713
artmakeup                           ,         1,    62200.0              , 0.025161785714285713
xyzabc                              ,         6,    69264.66666666667    , 0.02515391265902761
beautyhacks                         ,         4,    77064.25             , 0.02507045540649595
glossblow                           ,         1,       76.0              , 0.024926686217008796
factoryprocess                      ,         1,    10000.0              , 0.02489376973873098
factorymachines                     ,         1,    10000.0              , 0.02489376973873098
foodfactory                         ,         1,    10000.0              , 0.02489376973873098
viralprocess                        ,         1,    10000.0              , 0.02489376973873098
howitsmade                          ,         1,    10000.0              , 0.02489376973873098
explore                             ,         6,    65963.5              , 0.024874879431364738
penteadosfaceis                     ,         5,   276744.8              , 0.024803009901358242
makeuptips                          ,        13,    41531.307692307695   , 0.024738918356763936
foy                                 ,         1,        2.0              , 0.024691358024691357
hairstylist                         ,         3,   286029.3333333333     , 0.024622479721379622
makeupkit                           ,         1,     2556.0              , 0.024453057708871663
elf                                 ,         1,     2556.0              , 0.024453057708871663
travelmua                           ,         1,     2556.0              , 0.024453057708871663
youtubeshorts                       ,         1,   370000.0              , 0.024408342857142856
brilholabial                        ,         5,      237.6              , 0.02436116515561709
beleza                              ,        27,     1978.6666666666667  , 0.024233426273226933
sheglamlipstick                     ,         1,    93600.0              , 0.024143571428571427
sheglamlipblam                      ,         1,    93600.0              , 0.024143571428571427
sheglamcrueltyfree                  ,         1,    93600.0              , 0.024143571428571427
sheglamlipoilbalm                   ,         1,    93600.0              , 0.024143571428571427
tiktokshopbrasil                    ,        10,      582.0              , 0.024103993569980452
tricolorlipstick                    ,         1,       75.0              , 0.024096385542168676
queen                               ,         1,       75.0              , 0.024096385542168676
queenscepter                        ,         1,       75.0              , 0.024096385542168676
queenscepterlipstick                ,         1,       75.0              , 0.024096385542168676
beautyfind                          ,         1,       75.0              , 0.024096385542168676
angelepoch                          ,         1,       75.0              , 0.024096385542168676
3colorlipstick                      ,         1,       75.0              , 0.024096385542168676
popstar                             ,         2,      187.5              , 0.024056084656084657
casais                              ,         1,     3047.0              , 0.023900560224089637
relacionamento                      ,         1,     3047.0              , 0.023900560224089637
allie                               ,         1,     4075.0              , 0.023864653243847875
labranche                           ,         1,       14.0              , 0.02384105960264901
slamakeupcyprus                     ,         1,       68.0              , 0.0237702211951139
slamakeuplimassol                   ,         1,       68.0              , 0.0237702211951139
slacosmetics                        ,         1,       68.0              , 0.0237702211951139
slaparis                            ,         1,       68.0              , 0.0237702211951139
slamakeup                           ,         1,       68.0              , 0.0237702211951139
makeuproducts                       ,         1,       68.0              , 0.0237702211951139
correctiveconcealer                 ,         1,       68.0              , 0.0237702211951139
élazbeauty                          ,         1,       10.0              , 0.023762376237623763
utilidades                          ,         2,     9808.5              , 0.023731048666708693
cachos                              ,         2,    19972.0              , 0.023724606382978724
lipstickmatte                       ,         2,    28693.5              , 0.02367964669738863
missroselipstick                    ,         1,     1071.0              , 0.0236734693877551
missrose                            ,         1,     1071.0              , 0.0236734693877551
pakistanigirls                      ,         1,     1071.0              , 0.0236734693877551
lipstickguide                       ,         1,     1071.0              , 0.0236734693877551
haircut                             ,         3,    76409.33333333333    , 0.02364151244727196
lauramercier                        ,         1,       18.0              , 0.023622047244094488
glossfranciny                       ,         2,     2401.5              , 0.02354552838191499
followme                            ,         2,    46700.0              , 0.023529595588235294
trendalert                          ,         1,      116.0              , 0.02351416404369561
glossqueen                          ,         1,      116.0              , 0.02351416404369561
girlsmakeup                         ,         1,      116.0              , 0.02351416404369561
maxfactor                           ,         1,      116.0              , 0.02351416404369561
halfuphairstyle                     ,         1,   518300.0              , 0.023250677966101696
tiktokshopbr88                      ,         8,     2460.125            , 0.0231845397037956
girls💖👑                           ,         1,     8590.0              , 0.023133769878391018
vistas                              ,         1,     8590.0              , 0.023133769878391018
glossglow                           ,         1,     1601.0              , 0.023071625344352618
ethiopian_tik_tok🇪🇹🇪🇹🇪🇹🇪🇹   ,         1,     1890.0              , 0.023028846153846153
cuidadosnoinverno                   ,         3,     5791.666666666667   , 0.02288981061930792
lisos                               ,         1,    13100.0              , 0.0228793893129771
cacheados                           ,         1,    13100.0              , 0.0228793893129771
flare                               ,         1,    65500.0              , 0.022810666666666667
leggings                            ,         1,    65500.0              , 0.022810666666666667
calça                               ,         1,    65500.0              , 0.022810666666666667
makeperfeita                        ,         2,      178.5              , 0.022753428168653084
liptintviral                        ,         1,       91.0              , 0.022634676324128564
diadasmãesmercadolvire              ,         1,     1258.0              , 0.022631578947368423
diadasmaes                          ,         1,     1258.0              , 0.022631578947368423
descontos                           ,         1,     1258.0              , 0.022631578947368423
aec258                              ,         1,     1258.0              , 0.022631578947368423
batommatte                          ,         5,       93.0              , 0.022627222130574685
lipsticktutorial                    ,         6,   349249.8333333333     , 0.02242310051487577
hidratação                          ,         1,     3565.0              , 0.02223120168657765
glossdemel                          ,         1,     3565.0              , 0.02223120168657765
belezadoce                          ,         1,     3565.0              , 0.02223120168657765
correctormaquillaje                 ,         2,    27072.5              , 0.022218393233499723
juviasplace                         ,         1,     2333.0              , 0.022134423251589465
juviasplacecosmetics                ,         1,     2333.0              , 0.022134423251589465
promocaotiktok                      ,         2,     3125.0              , 0.022100508420004345
lipglossbyrubyrose                  ,         1,      220.0              , 0.022037914691943127
paraguay                            ,         1,      220.0              , 0.022037914691943127
keşfet                              ,         2,    50029.5              , 0.021992236842105262
viral_video                         ,         3,    28112.666666666668   , 0.021965792804219602
kitgloss                            ,         4,     1125.5              , 0.021891831005092274
usa_tiktok                          ,         1,    44600.0              , 0.02171409090909091
usa🇺🇸                             ,         1,    44600.0              , 0.02171409090909091
glosslumen                          ,         1,      353.0              , 0.021602209944751382
glosscombrilho                      ,         1,      353.0              , 0.021602209944751382
foryourpage                         ,         3,       99.0              , 0.021593002777428007
penteadoslindos                     ,         1,    33500.0              , 0.0215005
virali                              ,         1,       21.0              , 0.02133850630455868
barato                              ,         1,       21.0              , 0.02133850630455868
kitdemaquiagem                      ,         3,      591.3333333333334  , 0.021288354492133944
maquillagehalloween                 ,         1,   647800.0              , 0.02128328611898017
halloween                           ,         1,   647800.0              , 0.02128328611898017
halloween2025                       ,         1,   647800.0              , 0.02128328611898017
achadosdashopee                     ,         1,        2.0              , 0.02127659574468085
makeupinspo                         ,         7,    88464.85714285714    , 0.021252507285022978
concealertrick                      ,         2,      157.5              , 0.02121917090500166
fyd                                 ,         1,       56.0              , 0.021185038066865277
makemeviral                         ,         2,    61953.5              , 0.02117994623655914
redlips                             ,         2,   206081.0              , 0.021158813559322035
viraltiktokshop                     ,         7,     2500.4285714285716  , 0.02114490011799555
tfitconcealer                       ,         1,     4660.0              , 0.021101694915254238
tiktoktokshopbr88                   ,         1,       13.0              , 0.02108433734939759
penteado                            ,        11,   137779.45454545456    , 0.0210815776171786
concealerduo                        ,         1,    19600.0              , 0.020938541666666668
serumconcealer                      ,         1,    19600.0              , 0.020938541666666668
pigtails                            ,         1,    81100.0              , 0.020915531914893617
unfreezemyaccount                   ,         3,    17032.333333333332   , 0.02082583203640441
azzuralipstik                       ,         1,     8010.0              , 0.02076808721506442
lipstiklokal                        ,         1,     8010.0              , 0.02076808721506442
purbasarilipstik                    ,         1,     8010.0              , 0.02076808721506442
makeovercolorstickmattecrayon       ,         1,     8010.0              , 0.02076808721506442
rekomendasilipstick                 ,         1,     8010.0              , 0.02076808721506442
somethinccheekmatte                 ,         1,     8010.0              , 0.02076808721506442
sadalipstick                        ,         1,     8010.0              , 0.02076808721506442
reviewlipstick                      ,         1,     8010.0              , 0.02076808721506442
redlipstick                         ,         7,    64495.142857142855   , 0.020696947467693457
lojaonline                          ,         3,     1004.6666666666666  , 0.020540716349791027
lancamentorubyrose                  ,         1,      301.0              , 0.020538922155688623
autocuidado                         ,         3,      962.3333333333334  , 0.02051407727085902
honduras                            ,         1,     2252.0              , 0.020402684563758388
brillo                              ,         1,     2252.0              , 0.020402684563758388
detodo                              ,         1,     2252.0              , 0.020402684563758388
paratii                             ,         1,     2252.0              , 0.020402684563758388
unitedstates                        ,         2,     3248.5              , 0.020381702600061162
short                               ,         2,     3248.5              , 0.020381702600061162
makeuplook                          ,         5,     3973.0              , 0.02020848922879317
doyin                               ,         1,     1945.0              , 0.02019563581640331
hairstyls                           ,         1,     1075.0              , 0.02012676056338028
tiktokshop                          ,        48,     5804.6875           , 0.019989894587699612
lipstickhack                        ,         2,    34803.5              , 0.019910362903225804
compras                             ,         1,      385.0              , 0.01986046511627907
tiktokshopbr                        ,         8,      407.25             , 0.019831658920629096
swatches                            ,         2,     5494.5              , 0.01967600464107948
11yearoldmakeup                     ,         1,    27900.0              , 0.019598125
makeupnaykillatransisi              ,         1,    18300.0              , 0.019508461538461537
makeupnaykilla                      ,         1,    18300.0              , 0.019508461538461537
lipliner                            ,         3,   197502.33333333334    , 0.01937245829572268
pov                                 ,         1,       17.0              , 0.019230769230769232
hairsyles                           ,         2,      144.0              , 0.01918360646860129
lipsync                             ,         3,      873.3333333333334  , 0.019116406098483956
beforeandafter                      ,         1,    15800.0              , 0.01904907255224231
skin                                ,         1,    15800.0              , 0.01904907255224231
novacolecao                         ,         1,     2171.0              , 0.019018151815181517
inspiration                         ,         1,     6027.0              , 0.018861271676300577
hairstyleforyouuu                   ,         1,     6027.0              , 0.018861271676300577
haistyles                           ,         1,     6027.0              , 0.018861271676300577
prettythings                        ,         1,    41500.0              , 0.018768846153846153
cutemakeup                          ,         1,    41500.0              , 0.018768846153846153
minimakeup                          ,         1,    41500.0              , 0.018768846153846153
sleekhair                           ,         2,    17864.5              , 0.0187639505265736
offcampus                           ,         2,     2093.5              , 0.01876101787904836
ia                                  ,         1,      490.0              , 0.018617021276595744
d1                                  ,         1,    13000.0              , 0.01860062515027651
glossbrilhante                      ,         1,       88.0              , 0.01858513189448441
lipart                              ,         1,       88.0              , 0.01858513189448441
lipmodel                            ,         1,       88.0              , 0.01858513189448441
makeuproutine                       ,         3,    77299.66666666667    , 0.018489859516129938
lipstickchallenge                   ,         6,   165596.33333333334    , 0.01837809566201162
unfreezemyaccountplz                ,         1,     1049.0              , 0.018355555555555556
100kviews                           ,         1,     1049.0              , 0.018355555555555556
makeup_mehandi                      ,         1,     1049.0              , 0.018355555555555556
kapatıcı                            ,         1,     3101.0              , 0.018336113427856546
lipsqueen                           ,         1,      760.0              , 0.01824457593688363
karachi                             ,         1,      760.0              , 0.01824457593688363
lipcolourchallenge                  ,         1,   276100.0              , 0.018186
smooth                              ,         1,   276100.0              , 0.018186
corretivo                           ,        21,    12014.047619047618   , 0.01815599552118332
makefacil                           ,         2,     6028.5              , 0.01808216473300705
lancamentowonder                    ,         1,       23.0              , 0.018037518037518036
lipsticks                           ,         4,     1709.75             , 0.018021731996360965
agerewindconcealer                  ,         1,     1664.0              , 0.0180062630480167
maybellinenots                      ,         1,     1664.0              , 0.0180062630480167
shopee                              ,         3,      331.6666666666667  , 0.017983066148802986
trending                            ,        16,    22640.625            , 0.017808050227421903
diadacriança                        ,         1,       37.0              , 0.01777362020579981
magiclipstick                       ,         1,    80700.0              , 0.01771204081632653
greenlipstick                       ,         1,    80700.0              , 0.01771204081632653
kitmakeup                           ,         1,      717.0              , 0.017370689655172415
praticidade                         ,         1,      717.0              , 0.017370689655172415
maquiadoraprofissional              ,         1,      717.0              , 0.017370689655172415
hitorias                            ,         1,      309.0              , 0.01733990147783251
timephoria                          ,         1,    46100.0              , 0.017298620689655174
kbeauty                             ,         1,    46100.0              , 0.017298620689655174
concealertutorial                   ,         9,     9532.777777777777   , 0.01727828202739938
lipsticklover                       ,         4,    12662.0              , 0.017209338439369996
gb20                                ,         1,        7.0              , 0.0171990171990172
lorealpariscosmetics                ,         1,     1957.0              , 0.01713731574864236
lipstickreview                      ,         1,       31.0              , 0.017036654620547237
lipstickkit                         ,         1,       31.0              , 0.017036654620547237
achadinhostiktokshop                ,         4,     1718.0              , 0.016981386793594296
modafitness                         ,         1,     7458.0              , 0.01692724619553888
gymgirl                             ,         1,     7458.0              , 0.01692724619553888
fullcoveragefoundation              ,         1,    78600.0              , 0.01689
pimby                               ,         1,    78600.0              , 0.01689
for                                 ,         1,     1036.0              , 0.016833333333333332
vira                                ,         1,     1036.0              , 0.016833333333333332
money                               ,         1,     1036.0              , 0.016833333333333332
fpr                                 ,         1,     1036.0              , 0.016833333333333332
fortnite                            ,         1,     1036.0              , 0.016833333333333332
glosses                             ,         3,     1680.3333333333333  , 0.016798063488521236
wardah                              ,         1,       40.0              , 0.016749926535409933
wardahultralightmattelipstick       ,         1,       40.0              , 0.016749926535409933
wardahbeauty                        ,         1,       40.0              , 0.016749926535409933
wardahlipstickmatte                 ,         1,       40.0              , 0.016749926535409933
wardahmalaysiastore                 ,         1,       40.0              , 0.016749926535409933
@meliya🇵🇸                         ,         1,       40.0              , 0.016749926535409933
smallbusiness                       ,         1,       46.0              , 0.016697588126159554
linhawonde                          ,         1,       85.0              , 0.016559177270350358
linhawonderrubyrose                 ,         1,       85.0              , 0.016559177270350358
girliethings                        ,         1,      158.0              , 0.016517857142857143
justagirl                           ,         1,      158.0              , 0.016517857142857143
imjustagirl                         ,         1,      158.0              , 0.016517857142857143
pinterestgirl                       ,         2,      158.0              , 0.016517857142857143
pinterestaesthetic                  ,         1,      158.0              , 0.016517857142857143
lifestyle                           ,         1,      158.0              , 0.016517857142857143
pinklife                            ,         1,      158.0              , 0.016517857142857143
girlthings                          ,         1,      158.0              , 0.016517857142857143
pinkaesthetic                       ,         1,      158.0              , 0.016517857142857143
girlsroutine                        ,         1,      158.0              , 0.016517857142857143
girltherapy                         ,         1,      158.0              , 0.016517857142857143
girlystuff                          ,         1,      158.0              , 0.016517857142857143
girlssupportgirls                   ,         1,      158.0              , 0.016517857142857143
Aesthetic                           ,         1,      158.0              , 0.016517857142857143
girlhood                            ,         1,      158.0              , 0.016517857142857143
girlieasthetic                      ,         1,      158.0              , 0.016517857142857143
Makeup                              ,         1,      158.0              , 0.016517857142857143
softgirlaesthetic                   ,         1,      158.0              , 0.016517857142857143
resetwithme                         ,         1,      158.0              , 0.016517857142857143
cleantok                            ,         1,      158.0              , 0.016517857142857143
thatgirlroutine                     ,         1,      158.0              , 0.016517857142857143
aestheticvideos                     ,         2,      158.0              , 0.016517857142857143
thatgirl                            ,         1,      158.0              , 0.016517857142857143
haulsephora                         ,         1,      158.0              , 0.016517857142857143
romanticizeyourlife                 ,         1,      158.0              , 0.016517857142857143
variety                             ,         1,     4192.0              , 0.016440052700922265
long                                ,         1,     4192.0              , 0.016440052700922265
longlastingcolor                    ,         1,     4192.0              , 0.016440052700922265
gifts                               ,         1,     4192.0              , 0.016440052700922265
elegant                             ,         1,     4192.0              , 0.016440052700922265
lipsticktrends                      ,         1,     4192.0              , 0.016440052700922265
versatile                           ,         1,     4192.0              , 0.016440052700922265
lipstickshades                      ,         1,     4192.0              , 0.016440052700922265
high                                ,         1,     4192.0              , 0.016440052700922265
easy                                ,         1,     4192.0              , 0.016440052700922265
metalliclipstick                    ,         1,     4192.0              , 0.016440052700922265
creamytexture                       ,         1,     4192.0              , 0.016440052700922265
mocallure                           ,         2,     4192.0              , 0.016440052700922265
highqualitylipstick                 ,         1,     4192.0              , 0.016440052700922265
lipset                              ,         1,     4192.0              , 0.016440052700922265
makeupgiftset                       ,         1,     4192.0              , 0.016440052700922265
thanksforthelove                    ,         1,     4192.0              , 0.016440052700922265
fullcoverageconcealer               ,         3,    26857.333333333332   , 0.016421803662245864
beautyproducts                      ,         3,     2285.0              , 0.01639018687571991
kesfetteyiz                         ,         1,      959.0              , 0.016325
glosslabial                         ,        23,      781.6521739130435  , 0.016312084309836574
unboxing                            ,         2,    12655.0              , 0.016219056596409057
promoção                            ,         5,      116.8              , 0.015949677120873775
blowrubyrose                        ,         3,      223.0              , 0.015899842574193333
iniciantes                          ,         1,      994.0              , 0.01589939024390244
glossjane                           ,         1,      217.0              , 0.015886524822695036
glossblair                          ,         1,      217.0              , 0.015886524822695036
recomendation                       ,         2,     5600.5              , 0.015884425815148706
inspi                               ,         1,     1606.0              , 0.015831973898858074
inspilook                           ,         1,     1606.0              , 0.015831973898858074
combolipstick                       ,         1,     1606.0              , 0.015831973898858074
ideasmakeup                         ,         1,     1606.0              , 0.015831973898858074
blackgirls                          ,         1,     1606.0              , 0.015831973898858074
blackgirlluxury                     ,         1,     1606.0              , 0.015831973898858074
blackgirlmagic                      ,         1,     1606.0              , 0.015831973898858074
tiktokshopbr77                      ,         8,     4100.75             , 0.015800021920683197
achadinhos                          ,        19,     5867.315789473684   , 0.015755428870614353
batom                               ,        24,     1081.625            , 0.015720271726992044
trendingsong                        ,         2,    22349.0              , 0.015687553929121724
schoolhairstyles                    ,         1,    92600.0              , 0.015666825396825398
fullbeat                            ,         1,      586.0              , 0.015666666666666666
palegirlmakeup                      ,         1,      586.0              , 0.015666666666666666
comprinhas                          ,         7,     3385.4285714285716  , 0.015639965873426878
dicasdebeleza                       ,         3,    16799.666666666668   , 0.015595063076605653
rk                                  ,         1,     5097.0              , 0.01558051341890315
rubykisses                          ,         1,     5097.0              , 0.01558051341890315
yslrougevolupteshine                ,         1,     2223.0              , 0.015544554455445544
whatsinmymakeupbag                  ,         1,     2223.0              , 0.015544554455445544
yvessaintlaurent                    ,         1,     2223.0              , 0.015544554455445544
tomford                             ,         1,     2223.0              , 0.015544554455445544
makeuphaul                          ,         1,     2223.0              , 0.015544554455445544
tomfordbeauty                       ,         1,     2223.0              , 0.015544554455445544
diorforever                         ,         1,     2223.0              , 0.015544554455445544
swingswing                          ,         1,     2223.0              , 0.015544554455445544
diorlipglow                         ,         1,     2223.0              , 0.015544554455445544
drunkelephant                       ,         1,     2223.0              , 0.015544554455445544
ulta                                ,         1,     2223.0              , 0.015544554455445544
ysl                                 ,         1,     2223.0              , 0.015544554455445544
luxurymakeup                        ,         1,     2223.0              , 0.015544554455445544
kissme                              ,         1,     2223.0              , 0.015544554455445544
yslcandyglaze                       ,         1,     2223.0              , 0.015544554455445544
glosslabialrubyrose                 ,         6,      420.6666666666667  , 0.015524178201245705
cutebaby                            ,         1,     6676.0              , 0.01546871794871795
foruyou                             ,         2,     6676.0              , 0.01546871794871795
lipstickswatches                    ,         2,      377.0              , 0.015454228421970357
viraltiktok                         ,         5,     2763.2              , 0.01543853792723272
öneri                               ,         1,    18200.0              , 0.015356923076923077
lipcombos                           ,         1,       14.0              , 0.015313935681470138
maca                                ,         1,       19.0              , 0.015306122448979591
glossroxo                           ,         1,       81.0              , 0.015291402192729371
softglam                            ,         2,    15046.0              , 0.015031284890238878
smudgeproof                         ,         1,     1190.0              , 0.014940021810250817
glad2glowph                         ,         1,     1190.0              , 0.014940021810250817
glossdafrancinyehlke                ,         1,      102.0              , 0.014792899408284023
dicas                               ,         4,    65741.0              , 0.014741004778196003
glossespelhado                      ,         1,       22.0              , 0.014659685863874346
coollips                            ,         1,       22.0              , 0.014659685863874346
beautytips                          ,         8,    27035.375            , 0.0145331770517455
lipstickmark                        ,         1,      389.0              , 0.01453287197231834
kissing                             ,         1,      389.0              , 0.01453287197231834
loverain                            ,         4,      693.25             , 0.014470489907565377
farance                             ,         1,      381.0              , 0.014387755102040817
nuitedstates                        ,         1,      381.0              , 0.014387755102040817
garmany🇩🇪🇩🇪                     ,         1,      381.0              , 0.014387755102040817
newyork                             ,         1,      381.0              , 0.014387755102040817
tarte                               ,         1,     1705.0              , 0.014328602620087337
challenge                           ,         5,    81961.6              , 0.01418513018940994
ad                                  ,         3,    12961.333333333334   , 0.014144292072319818
corretivoluisance                   ,         2,      465.5              , 0.014098705093251403
shinylips                           ,         1,       58.0              , 0.014005602240896359
glossbellafemme                     ,         1,      176.0              , 0.014
glossmagico                         ,         1,      176.0              , 0.014
goldenmagic                         ,         1,      176.0              , 0.014
makeupinspiration                   ,         2,     2901.5              , 0.0139940441647514
tiktokshopbr33                      ,         2,      995.0              , 0.01398
cupcakelipgloss                     ,         1,       47.0              , 0.013976555455365193
cupcake                             ,         1,       47.0              , 0.013976555455365193
magiclipgloss                       ,         1,       47.0              , 0.013976555455365193
glosslaqueado                       ,         1,     1481.0              , 0.01396997497914929
glosstint                           ,         2,      272.5              , 0.013954656443850228
penteados                           ,         5,    10368.2              , 0.013953082679332793
layeredhair                         ,         1,    22200.0              , 0.013948333333333333
bobhaircut                          ,         1,    22200.0              , 0.013948333333333333
pixiecut                            ,         1,    22200.0              , 0.013948333333333333
bunhairstyle                        ,         1,    22200.0              , 0.013948333333333333
indicaçãodeprodutos                 ,         1,        2.0              , 0.013888888888888888
lipbalm                             ,        11,     5308.727272727273   , 0.01384156820396386
wonderful                           ,         1,      139.0              , 0.013768115942028985
@missvikkivibes                     ,         1,    39100.0              , 0.013715
btsarmy                             ,         1,    39100.0              , 0.013715
personalcare221                     ,         1,      106.0              , 0.01370527592480291
patricinha                          ,         1,       51.0              , 0.013687812582258489
corretivoliquido                    ,         4,     2019.0              , 0.013685237534659313
aesthetic                           ,         3,      427.6666666666667  , 0.013670467453532108
lipbalmrubyrose                     ,         1,      112.0              , 0.013657382514248844
cristmas                            ,         1,       38.0              , 0.013629842180774749
blissfulbeau                        ,         1,       38.0              , 0.013629842180774749
tutorials                           ,         1,       38.0              , 0.013629842180774749
gloos                               ,         1,      149.0              , 0.01359375
regata                              ,         2,    21321.0              , 0.01346949494949495
lipbalmviral                        ,         2,     1429.0              , 0.013462940179069911
kit                                 ,         4,     6830.25             , 0.013415141452207582
ideias                              ,         1,     5641.0              , 0.013340093287365646
makeupcollection                    ,         2,     3113.5              , 0.01329434532356136
lipstickcollection                  ,         3,     1502.0              , 0.01319593947752687
instanteraser                       ,         1,    29100.0              , 0.0131836
maybellinech                        ,         1,    29100.0              , 0.0131836
iarconcealer                        ,         1,    29100.0              , 0.0131836
camuflagem                          ,         1,    18800.0              , 0.013180666666666667
blushviral                          ,         2,      256.0              , 0.013142687735875694
pinned                              ,         1,       75.0              , 0.013087810074570081
creatorssightinsights               ,         1,       75.0              , 0.013087810074570081
pintrest                            ,         1,     6029.0              , 0.013069777043765484
pinkflashconcealer                  ,         1,    50400.0              , 0.0129925
pinkflashbeauty                     ,         1,    50400.0              , 0.0129925
treanding                           ,         2,    30800.0              , 0.01298013392857143
facepainting                        ,         1,     8620.0              , 0.012932114882506528
makeupideas                         ,         2,     8620.0              , 0.012932114882506528
beautifulgirl                       ,         1,     8620.0              , 0.012932114882506528
viraltrend                          ,         1,     8620.0              , 0.012932114882506528
trendmakeup                         ,         1,     8620.0              , 0.012932114882506528
tiktokshopbr66                      ,         5,    12726.6              , 0.012915122722407042
waterproof                          ,         3,      226.33333333333334 , 0.012839108860336958
bocao                               ,         1,    22700.0              , 0.012823157894736842
butterglosspop                      ,         1,       12.0              , 0.01282051282051282
hidratantelabial                    ,         4,      938.5              , 0.01275680416663309
lipcare                             ,         4,    14267.5              , 0.012754629123435595
modafeminina                        ,         6,    14989.166666666666   , 0.012738566763770304
menhairstyle                        ,         1,     5115.0              , 0.012737556561085973
nicaragua🇳🇮                       ,         1,       15.0              , 0.01263823064770932
tienda                              ,         1,       15.0              , 0.01263823064770932
corretivobaratinho                  ,         1,       65.0              , 0.012626711719722569
bolzani                             ,         2,    11366.0              , 0.012618310864293701
relaxing                            ,         1,     7413.0              , 0.012577550367764631
femenina                            ,         1,      115.0              , 0.012563025210084034
beautiful                           ,         1,      115.0              , 0.012563025210084034
female                              ,         1,      115.0              , 0.012563025210084034
chica                               ,         1,      115.0              , 0.012563025210084034
modelo                              ,         1,      115.0              , 0.012563025210084034
diseño                              ,         1,      115.0              , 0.012563025210084034
belleza                             ,         2,      115.0              , 0.012563025210084034
woman                               ,         1,      115.0              , 0.012563025210084034
design                              ,         1,      115.0              , 0.012563025210084034
bella                               ,         1,      115.0              , 0.012563025210084034
producto                            ,         1,      115.0              , 0.012563025210084034
vídeo                               ,         1,      115.0              , 0.012563025210084034
mujer                               ,         1,      115.0              , 0.012563025210084034
model                               ,         1,      115.0              , 0.012563025210084034
labialrojo                          ,         1,      115.0              , 0.012563025210084034
aiart                               ,         1,      115.0              , 0.012563025210084034
zombiemakeup                        ,         1,     5667.0              , 0.012559733646690168
maquillajehalloween                 ,         1,     5667.0              , 0.012559733646690168
tutorialhalloween                   ,         1,     5667.0              , 0.012559733646690168
lipoil                              ,         7,      331.57142857142856 , 0.012544281956291465
idea                                ,         1,     1619.0              , 0.01253956292388847
belezafeminina                      ,         4,    14420.5              , 0.012538001845146914
nudeshade                           ,         1,      875.0              , 0.012517006802721088
irresistible                        ,         1,      875.0              , 0.012517006802721088
maybellinevinylink                  ,         1,      875.0              , 0.012517006802721088
lemon8                              ,         1,     3210.0              , 0.012487360970677453
diyhalloweenmakeup                  ,         1,     3210.0              , 0.012487360970677453
alixmiamiswimsuit                   ,         1,     4000.0              , 0.012473142857142858
girlshairstyle                      ,         1,     4000.0              , 0.012473142857142858
creator                             ,         1,     4000.0              , 0.012473142857142858
popularhair                         ,         1,     4000.0              , 0.012473142857142858
peachlipstick                       ,         1,      258.0              , 0.012444444444444444
beautyasmr                          ,         1,      258.0              , 0.012444444444444444
tinyworkers                         ,         1,      258.0              , 0.012444444444444444
glosstok                            ,         1,       32.0              , 0.012413463833850561
bolgloss                            ,         1,       32.0              , 0.012413463833850561
mulher                              ,         1,        3.0              , 0.01240694789081886
vendasdeprodutos                    ,         1,        3.0              , 0.01240694789081886
2aplikator                          ,         1,      454.0              , 0.012338308457711443
nofoundationneeded                  ,         1,      454.0              , 0.012338308457711443
batom24horas                        ,         3,     3483.0              , 0.012303241458313642
maquiagembarata                     ,         3,     6323.0              , 0.012219173912512857
ombrelips                           ,         2,     7163.5              , 0.012130268583042973
maquigemtiktok                      ,         1,     2355.0              , 0.012056977305649445
updo                                ,         2,    41500.0              , 0.011995760869565218
goingviral                          ,         1,       60.0              , 0.01198277476128066
summerideas                         ,         1,       60.0              , 0.01198277476128066
dollasmr                            ,         1,     6592.0              , 0.011963761018609206
barbie                              ,         1,     6592.0              , 0.011963761018609206
toyasmr                             ,         1,     6592.0              , 0.011963761018609206
filtrosdetiktok                     ,         1,      201.0              , 0.011894736842105263
gdapheny                            ,         1,      201.0              , 0.011894736842105263
rankings                            ,         1,      201.0              , 0.011894736842105263
makesomeonesmile                    ,         1,      284.0              , 0.011870229007633588
makeupproducts                      ,         5,      600.2              , 0.011844964198788397
reparadordepontas                   ,         1,    27300.0              , 0.011819166666666667
protetortermico                     ,         1,    27300.0              , 0.011819166666666667
glosssemelle                        ,         1,    27300.0              , 0.011819166666666667
oleodecabelo                        ,         1,    27300.0              , 0.011819166666666667
ushas                               ,         1,       69.0              , 0.01181434599156118
glossnude                           ,         1,     1039.0              , 0.011801047120418849
theglossierubyrose                  ,         1,     1039.0              , 0.011801047120418849
automaquiagem                       ,         2,      475.0              , 0.01178534923339012
labios                              ,         2,      563.0              , 0.011738723748134809
fypppppppppppppp                    ,         3,     2214.6666666666665  , 0.0117195869496811
maquillajeviral                     ,         1,      146.0              , 0.011623376623376624
glossviral                          ,         1,      146.0              , 0.011623376623376624
recommendations                     ,         3,     1213.0              , 0.011560574264449891
acessoriodecabelo                   ,         1,    18100.0              , 0.011548235294117647
ai                                  ,         2,     1795.5              , 0.011524085804443598
linhapopstar                        ,         1,      402.0              , 0.011517615176151762
lábiosbrilhantes                    ,         1,      301.0              , 0.011481481481481481
blueconcealer                       ,         1,      573.0              , 0.011449814126394052
colorcorrection                     ,         1,      573.0              , 0.011449814126394052
makeuponyourradar2                  ,         3,      268.3333333333333  , 0.011447936253114912
ofertadodia                         ,         4,      132.0              , 0.011430752687136048
compreagora                         ,         4,      132.0              , 0.011430752687136048
mboomsecret                         ,         1,      113.0              , 0.01138888888888889
red                                 ,         4,      937.5              , 0.01134859319140642
batomnude                           ,         1,     2610.0              , 0.011347352024922118
grilsmakeup                         ,         1,       73.0              , 0.011327478681430572
instanteraserph                     ,         1,    10900.0              , 0.01131
maybeitsinstanteraser               ,         1,    10900.0              , 0.01131
eraseitall                          ,         1,    10900.0              , 0.01131
maquiagemnacional                   ,         3,      677.3333333333334  , 0.011263531573553837
preenchimentodelabios               ,         1,       12.0              , 0.011225444340505144
glossaumentaboca                    ,         1,       12.0              , 0.011225444340505144
💄💋                                ,         1,    22100.0              , 0.011196
mattelipstick                       ,         8,    12574.0              , 0.011181027231219954
todecacacho                         ,         1,     1759.0              , 0.011171830985915492
brazil🇧🇷                          ,         1,     1759.0              , 0.011171830985915492
maeyasunsun                         ,         1,    62600.0              , 0.011138730158730159
tiktokvietnam                       ,         1,    62600.0              , 0.011138730158730159
tiktokthailand                      ,         1,    62600.0              , 0.011138730158730159
maquiagemfacil                      ,         1,       57.0              , 0.011129568106312292
dicasdemaquiagem                    ,         1,     2866.0              , 0.011050775740479548
brownlipstick                       ,         1,     4004.0              , 0.011044136191677175
makeupmystery                       ,         1,       73.0              , 0.010973030142781597
lipsticksecrets                     ,         1,       73.0              , 0.010973030142781597
stacygreene                         ,         1,       73.0              , 0.010973030142781597
personalitytest                     ,         1,       73.0              , 0.010973030142781597
nudelipsticks                       ,         2,    23143.5              , 0.010950385613644791
theglossierone                      ,         2,      394.0              , 0.010934341031172017
diadosnamoradostts                  ,         2,      547.5              , 0.01092197432660403
heaux                               ,         1,    30000.0              , 0.010748620689655172
heauxcosmetics                      ,         1,    30000.0              , 0.010748620689655172
closeup                             ,         1,    30000.0              , 0.010748620689655172
slowmo                              ,         1,    30000.0              , 0.010748620689655172
sutiãconfortável                    ,         1,     8583.0              , 0.010717885541494008
sutiasilicone                       ,         1,     8583.0              , 0.010717885541494008
antwerp                             ,         1,      809.0              , 0.010672064777327935
citylife                            ,         1,      809.0              , 0.010672064777327935
fitcheck                            ,         1,      809.0              , 0.010672064777327935
isamayabeauty                       ,         1,      809.0              , 0.010672064777327935
beautyreview                        ,         2,       23.5              , 0.010669893172095277
trand                               ,         2,      264.5              , 0.010567744542671589
makepatricinha                      ,         1,     1723.0              , 0.010554926387315968
beautyviral                         ,         1,     1723.0              , 0.010554926387315968
makeupessentials                    ,         2,    23097.5              , 0.010545862068965519
glowymakeup                         ,         1,     5692.0              , 0.010519628604007167
pinklips                            ,         1,     5692.0              , 0.010519628604007167
pinkmakeup                          ,         1,     5692.0              , 0.010519628604007167
aivideo                             ,         1,     4810.0              , 0.010503118503118504
instagram                           ,         1,     3476.0              , 0.010485146398803163
following                           ,         1,     3476.0              , 0.010485146398803163
messi                               ,         1,     3476.0              , 0.010485146398803163
hot                                 ,         1,     3476.0              , 0.010485146398803163
cr7                                 ,         1,     3476.0              , 0.010485146398803163
2023                                ,         1,     3476.0              , 0.010485146398803163
official                            ,         1,     3476.0              , 0.010485146398803163
bd                                  ,         1,     3476.0              , 0.010485146398803163
woniy                               ,         1,     9989.0              , 0.01045
bts                                 ,         3,    13892.0              , 0.010431126039220383
бюті                                ,         1,      466.0              , 0.010283975659229208
рекомендації                        ,         1,      466.0              , 0.010283975659229208
косметика                           ,         1,      466.0              , 0.010283975659229208
fypシ゚viral🖤tiktok                  ,         1,      466.0              , 0.010283975659229208
макіяж                              ,         1,      466.0              , 0.010283975659229208
escovas                             ,         1,    27100.0              , 0.010272758620689656
maybellineph                        ,         2,     6401.5              , 0.01024923076923077
baton                               ,         1,       86.0              , 0.010244988864142539
glosslabialchaveiro                 ,         3,      111.66666666666667 , 0.010244675113956159
trendgloss                          ,         1,      167.0              , 0.010173410404624278
lipglos                             ,         2,      167.0              , 0.010173410404624278
foryoupageofficiall                 ,         3,    20629.0              , 0.010146208906036493
oleocapilar                         ,         2,    15513.5              , 0.010121723773265652
makeupbrasil                        ,         5,      250.0              , 0.010088987050694439
berrylipstick                       ,         2,     1205.0              , 0.010073352496539976
lipstikviraltiktok                  ,         1,     1027.0              , 0.010073349633251833
affiliate                           ,         1,     1027.0              , 0.010073349633251833
contentcreator                      ,         1,     1027.0              , 0.010073349633251833
tiktokbrasil                        ,         7,      203.0              , 0.010027183740873736
affordablemakeupproducts            ,         1,      482.0              , 0.01
sweetmint                           ,         1,      482.0              , 0.01
3in1concealer                       ,         1,      482.0              , 0.01
3colorsconcealerpallette            ,         1,      482.0              , 0.01
glad2glow                           ,         2,      220.0              , 0.009845734639639107
labiosbonitos                       ,         1,     2804.0              , 0.009839357429718875
virallook🔥🔥                       ,         1,      696.0              , 0.009814814814814814
letterhairstyles                    ,         1,     5087.0              , 0.00981104112634309
naturalhair                         ,         1,     5087.0              , 0.00981104112634309
hypiccreator                        ,         1,     5087.0              , 0.00981104112634309
armanibeautyprismaflashmoment       ,         1,       15.0              , 0.00980392156862745
armanibeauty                        ,         1,       15.0              , 0.00980392156862745
lorealistaruk                       ,         1,       15.0              , 0.00980392156862745
productosdebelleza                  ,         1,        9.0              , 0.009784735812133072
productosbrasileros🇧🇷             ,         1,        9.0              , 0.009784735812133072
viraltok                            ,         1,     9435.0              , 0.009749
rhtmp                               ,         1,     9435.0              , 0.009749
balm                                ,         2,     1931.5              , 0.009692054536906441
oceane                              ,         1,     7142.0              , 0.009678720083246618
notsponsored                        ,         1,       98.0              , 0.009661016949152543
4youpage                            ,         1,       98.0              , 0.009661016949152543
eye                                 ,         1,       98.0              , 0.009661016949152543
pinkysup                            ,         1,      677.0              , 0.00965893587994543
barewithme                          ,         1,      677.0              , 0.00965893587994543
lifehack                            ,         1,      825.0              , 0.009652173913043478
healthylifestyle                    ,         1,      825.0              , 0.009652173913043478
makeupsimple                        ,         1,        9.0              , 0.009598603839441536
friends                             ,         1,        9.0              , 0.009598603839441536
batomcomespelho                     ,         2,      214.5              , 0.009562116564417179
lipstickmixing                      ,         1,       53.0              , 0.009554140127388535
howtouseconcealer                   ,         1,      207.0              , 0.009545454545454546
beautifullook                       ,         1,      207.0              , 0.009545454545454546
facemakeup                          ,         1,      207.0              , 0.009545454545454546
rightway                            ,         1,      207.0              , 0.009545454545454546
goviralgo                           ,         1,      207.0              , 0.009545454545454546
shorts                              ,         5,    10748.6              , 0.00950166226102029
acessoriosfemininos                 ,         2,     9149.0              , 0.009487567939456484
moda                                ,         3,       86.0              , 0.0094621061275916
liplinesg2g                         ,         1,      396.0              , 0.009445983379501385
autocuidadofeminino                 ,         2,      601.5              , 0.009425617870722434
radiantkissrk60                     ,         1,       27.0              , 0.009362730292962852
tiktokmakeup                        ,         1,       27.0              , 0.009362730292962852
elegantlady                         ,         1,       75.0              , 0.009320388349514564
styliste                            ,         1,       75.0              , 0.009320388349514564
wavecheck                           ,         1,       75.0              , 0.009320388349514564
gorgeousglowph                      ,         1,       75.0              , 0.009320388349514564
longhairlove                        ,         1,       75.0              , 0.009320388349514564
waterprooflipstick                  ,         3,      222.66666666666666 , 0.009308205586726436
melhorescorretivos                  ,         1,      705.0              , 0.00930635838150289
pinklipstick                        ,         2,      122.5              , 0.009303876389265383
fypシ゚viral🖤video🤗foryou           ,         1,       89.0              , 0.00926605504587156
mariasrandomrecos4u                 ,         1,      279.0              , 0.0092
affliate                            ,         1,      279.0              , 0.0092
affiliatemarketing                  ,         1,      279.0              , 0.0092
maybellineinstantageeraserconcealer ,         1,     1903.0              , 0.009188461538461538
beautyph                            ,         1,     1903.0              , 0.009188461538461538
maybellineconcealer                 ,         1,     1903.0              , 0.009188461538461538
skintific                           ,         2,      327.5              , 0.009132440942142436
promoçãodotiktokshop                ,         1,        1.0              , 0.00909090909090909
dating                              ,         1,      141.0              , 0.009
girlyaesthetic                      ,         1,      141.0              , 0.009
showlipstick                        ,         1,    12000.0              , 0.008915714285714285
cabeloslongos                       ,         1,      256.0              , 0.00887218045112782
lipstickcolorcheck                  ,         1,     1098.0              , 0.008870481927710843
labiales                            ,         1,      759.0              , 0.008847097301717089
presilhaestrela                     ,         2,     9073.5              , 0.00884337870798076
cocofleurbeauty                     ,         1,       90.0              , 0.008739495798319327
tiktokshop88                        ,         1,       90.0              , 0.008739495798319327
lipglosslover                       ,         1,      374.0              , 0.008696461824953445
sparklinglips                       ,         1,      374.0              , 0.008696461824953445
beautyfinds                         ,         1,      374.0              , 0.008696461824953445
fonny                               ,         1,      222.0              , 0.008673835125448028
comedy                              ,         1,      222.0              , 0.008673835125448028
hairtransformation                  ,         2,     7708.5              , 0.008534747628022872
revlonsuperlustrous                 ,         1,     3446.0              , 0.00853215284249767
tiktokshop66                        ,         1,     2242.0              , 0.008531784446595676
itgirl                              ,         2,      124.0              , 0.008520064857183308
changecolor                         ,         1,       79.0              , 0.008517710605588449
color                               ,         1,       79.0              , 0.008517710605588449
lazylipstick                        ,         1,       79.0              , 0.008517710605588449
@Viktoriia Peruniak                 ,         1,     3520.0              , 0.00851491569390402
oilyskinmakeup                      ,         2,     3710.5              , 0.008502351016894602
hairstyleeveryday                   ,         1,    10200.0              , 0.008450714285714285
blush                               ,         2,     6459.0              , 0.00840141448754031
makeupunboxing                      ,         1,       19.0              , 0.008399646330680813
glosspopstar                        ,         1,       19.0              , 0.008399646330680813
balmblow                            ,         1,      997.0              , 0.008333333333333333
rate                                ,         1,    23300.0              , 0.008316333333333334
zaidocfoundationconcealerstick      ,         1,        6.0              , 0.008270676691729323
beautyproductsvideos                ,         1,        6.0              , 0.008270676691729323
trendybeauty                        ,         1,        6.0              , 0.008270676691729323
concealerfoundation                 ,         1,        6.0              , 0.008270676691729323
bkbeautyconcealerbrush              ,         1,        6.0              , 0.008270676691729323
londontownnailconcealer             ,         1,        6.0              , 0.008270676691729323
ceraveinvisiblesunscreenreview      ,         1,        6.0              , 0.008270676691729323
concealerandfoundation              ,         1,        6.0              , 0.008270676691729323
swipeconcealer                      ,         1,        6.0              , 0.008270676691729323
usa                                 ,         2,     4557.5              , 0.008266467161574293
summerhairstyles                    ,         1,     1170.0              , 0.008248816768086545
summervibes                         ,         1,     1170.0              , 0.008248816768086545
camisetamasculina                   ,         1,    23600.0              , 0.008244333333333333
camisetadryfit                      ,         1,    23600.0              , 0.008244333333333333
gymfit                              ,         1,    23600.0              , 0.008244333333333333
lokalbrand                          ,         1,      202.0              , 0.008201219512195122
cod                                 ,         1,      202.0              , 0.008201219512195122
belilokal                           ,         1,      202.0              , 0.008201219512195122
scora                               ,         1,      202.0              , 0.008201219512195122
notecosmetics                       ,         1,      945.0              , 0.008128119800332779
concelear                           ,         1,      945.0              , 0.008128119800332779
ukblackgirlmakeup                   ,         1,       59.0              , 0.008121591831999071
darkskinmakeup                      ,         1,       59.0              , 0.008121591831999071
barbaperfeita                       ,         1,     1907.0              , 0.008121104185218166
dicasdebarba                        ,         1,     1907.0              , 0.008121104185218166
belezamasculina                     ,         1,     1907.0              , 0.008121104185218166
crescimentodabarba                  ,         1,     1907.0              , 0.008121104185218166
maquiagemviral                      ,         1,       84.0              , 0.008
batomvermelho                       ,         4,      112.25             , 0.007984882364073055
contentcreatorinsights              ,         1,        6.0              , 0.007886435331230283
ocheal                              ,         1,        6.0              , 0.007886435331230283
lipglo                              ,         1,       22.0              , 0.007876712328767124
lipstikhanasuimatte                 ,         1,      666.0              , 0.0077841269841269845
lipstikharian                       ,         1,      666.0              , 0.0077841269841269845
lipstikmurah                        ,         1,      666.0              , 0.0077841269841269845
lipstikhanasui                      ,         1,      666.0              , 0.0077841269841269845
philippines                         ,         1,     5535.0              , 0.007661452065784196
movies                              ,         1,     5535.0              , 0.007661452065784196
sunmervibes                         ,         1,       94.0              , 0.007608695652173913
africamakeupartists                 ,         1,      198.0              , 0.007551020408163266
support                             ,         1,      198.0              , 0.007551020408163266
makeupartistsworldwide              ,         1,      198.0              , 0.007551020408163266
nigeriantiktok                      ,         1,      198.0              , 0.007551020408163266
patronizemybusiness🥰🥰🙏🙏🙏       ,         1,      198.0              , 0.007551020408163266
pinceldemaquiagem                   ,         2,     2754.0              , 0.00753132961705966
foundation                          ,         1,     1694.0              , 0.00752212389380531
cilios                              ,         1,     1694.0              , 0.00752212389380531
polvo                               ,         1,     1694.0              , 0.00752212389380531
bestconcealer                       ,         3,      486.6666666666667  , 0.007513300849436615
otwoomakeup                         ,         1,      129.0              , 0.0075
otwoomy                             ,         1,      129.0              , 0.0075
velvetlips                          ,         1,      171.0              , 0.007449392712550607
lipstutorial                        ,         1,      171.0              , 0.007449392712550607
darkredlips                         ,         1,      171.0              , 0.007449392712550607
cabelos                             ,         1,      198.0              , 0.007426900584795322
hairhacks                           ,         2,    34319.5              , 0.007423737060041408
makeuplovers                        ,         2,      402.0              , 0.007364400688847301
weddinginspo                        ,         1,      831.0              , 0.007281795511221945
bride                               ,         1,      831.0              , 0.007281795511221945
bridalmakeupartist                  ,         1,      831.0              , 0.007281795511221945
weddingday                          ,         1,      831.0              , 0.007281795511221945
weddingmakeup                       ,         1,      831.0              , 0.007281795511221945
bridalmakeup                        ,         1,      831.0              , 0.007281795511221945
bridal                              ,         1,      831.0              , 0.007281795511221945
base                                ,         3,      359.6666666666667  , 0.007252781828463374
framboesa                           ,         1,       59.0              , 0.007205240174672489
realtchniques                       ,         1,     2017.0              , 0.00718601493550577
realtechniquesbrushes               ,         1,     2017.0              , 0.00718601493550577
saiuachouprocurouchegou             ,         1,     2017.0              , 0.00718601493550577
fofo                                ,         1,     3143.0              , 0.007183790421612771
meninas                             ,         1,     3143.0              , 0.007183790421612771
lacos                               ,         1,     3143.0              , 0.007183790421612771
corretivofacial                     ,         2,      362.0              , 0.00712480335214691
makeglow                            ,         2,      122.5              , 0.007119631164463522
otwoobeautyph                       ,         1,    10800.0              , 0.0071175
otwoo                               ,         4,    13595.5              , 0.007107316253606085
luaeneve                            ,         3,      366.0              , 0.007102810077901862
sandaliasfemininas                  ,         1,      257.0              , 0.007097625329815303
rasteirinhas                        ,         1,      257.0              , 0.007097625329815303
corretivos                          ,         1,      374.0              , 0.007058823529411765
honestreview                        ,         1,      328.0              , 0.007041420118343195
gabyvariedades                      ,         1,       15.0              , 0.007015902712815715
glosschaveiro                       ,         1,       15.0              , 0.007015902712815715
glossygloss                         ,         1,       15.0              , 0.007015902712815715
makeupguide                         ,         1,      629.0              , 0.006907962771458118
achadinhosbeauty                    ,         1,       14.0              , 0.006902151847340642
makeupteaching                      ,         1,      609.0              , 0.006899791231732777
minicorretivo                       ,         2,      501.0              , 0.006895091029261551
retailtherapy                       ,         1,      263.0              , 0.006885644768856448
famous                              ,         1,      263.0              , 0.006885644768856448
cleangirlaesthetic                  ,         1,      263.0              , 0.006885644768856448
koreanhairstyle                     ,         1,       23.0              , 0.006885593220338983
kitcorretivo                        ,         4,      289.25             , 0.006875488104674746
maquiagemfeminina                   ,         2,      187.5              , 0.006860532407407407
livehighlights                      ,         1,     2579.0              , 0.006762416604892513
tiktoklive                          ,         1,     2579.0              , 0.006762416604892513
redlipsticktheory                   ,         1,     3735.0              , 0.006753422342403245
maybellinematteink                  ,         1,     3735.0              , 0.006753422342403245
maybellinevoyager                   ,         1,     3735.0              , 0.006753422342403245
longlastingmattelipstick            ,         1,     3735.0              , 0.006753422342403245
pro                                 ,         1,     3129.0              , 0.006731216111541441
lipstikviral                        ,         4,     4298.5              , 0.006716607749083299
momhairstyle                        ,         1,     2392.0              , 0.006603010559424849
momlifehair                         ,         1,     2392.0              , 0.006603010559424849
busyhair                            ,         1,     2392.0              , 0.006603010559424849
ponytailhack                        ,         1,     2392.0              , 0.006603010559424849
matteredlips                        ,         2,      175.0              , 0.0065560991876781344
dicadebeleza                        ,         2,      369.0              , 0.006511219510469771
concealerhacks                      ,         1,    40900.0              , 0.006448939393939394
lipstickswatch                      ,         1,      359.0              , 0.006409937888198758
new                                 ,         1,    33700.0              , 0.006362142857142857
itapema                             ,         1,      375.0              , 0.006359773371104816
belezacomexclusiva                  ,         1,      375.0              , 0.006359773371104816
lábiosperfeitos                     ,         1,      375.0              , 0.006359773371104816
agz                                 ,         1,      520.0              , 0.006338694418164617
glosscapilar                        ,         2,     1632.0              , 0.006336919531180556
sephorafinds                        ,         1,      126.0              , 0.006325581395348837
beautyfavorites                     ,         1,      126.0              , 0.006325581395348837
fyb                                 ,         1,      963.0              , 0.006275743707093821
lirpsync                            ,         1,      681.0              , 0.006275590551181103
transição                           ,         1,      681.0              , 0.006275590551181103
maquiagembrasil                     ,         4,      133.5              , 0.006272257185234111
acessoriosdecabelo                  ,         4,     1055.75             , 0.006216401433228907
etalasegue                          ,         1,     2230.0              , 0.006190826588177581
tipsmakeup                          ,         1,     2230.0              , 0.006190826588177581
adolescente                         ,         1,      136.0              , 0.006184738955823293
otwoobeauty                         ,         3,    18098.333333333332   , 0.006181168891360771
longlastinglipstick                 ,         1,       53.0              , 0.006178861788617886
notransferlipstick                  ,         1,       53.0              , 0.006178861788617886
tiktokshop55                        ,         1,       47.0              , 0.006138522121843873
cabelomenina                        ,         1,       47.0              , 0.006138522121843873
penteadoinfantil                    ,         1,       47.0              , 0.006138522121843873
unfreezemyacount                    ,         1,      283.0              , 0.006111111111111111
universofeminino                    ,         2,    13594.5              , 0.006035351913084554
belgië                              ,         1,      151.0              , 0.006013513513513514
corretivoembastao                   ,         1,     1258.0              , 0.006002644336712208
baseembastao                        ,         1,     1258.0              , 0.006002644336712208
dicadeamiga                         ,         2,      208.0              , 0.005963612595616648
protecaotermica                     ,         1,      135.0              , 0.005942622950819672
semfrizz                            ,         1,      135.0              , 0.005942622950819672
956valley                           ,         1,      828.0              , 0.005934959349593496
client                              ,         1,      828.0              , 0.005934959349593496
rgvhairstylist                      ,         1,      828.0              , 0.005934959349593496
rgv956                              ,         1,      828.0              , 0.005934959349593496
bibir                               ,         1,      201.0              , 0.005926573426573427
bibirhitam                          ,         1,      201.0              , 0.005926573426573427
bibirpecahpecah                     ,         1,      201.0              , 0.005926573426573427
multitasker                         ,         1,     2544.0              , 0.005887111270896998
tiktokshopbr55                      ,         2,      562.5              , 0.005720503708047499
formalhairstyles                    ,         1,       22.0              , 0.005714285714285714
rubyroseoficial                     ,         1,        2.0              , 0.005703422053231939
basematte                           ,         1,       50.0              , 0.005630252100840336
expensive                           ,         1,       30.0              , 0.005605654399220083
branded                             ,         1,       30.0              , 0.005605654399220083
mackup                              ,         1,       30.0              , 0.005605654399220083
eyebags                             ,         2,       48.0              , 0.005588787512025572
darkcirclesundereyes                ,         2,       48.0              , 0.005588787512025572
smokybrows                          ,         1,    21900.0              , 0.00548047619047619
powderbrows                         ,         1,    21900.0              , 0.00548047619047619
permanentmakeup                     ,         1,    21900.0              , 0.00548047619047619
masterclasspmu                      ,         1,    21900.0              , 0.00548047619047619
colageno                            ,         1,       77.0              , 0.005471698113207547
kitkokeshi                          ,         1,       77.0              , 0.005471698113207547
olhosdegueixa                       ,         1,       77.0              , 0.005471698113207547
peledeporcelana                     ,         1,       77.0              , 0.005471698113207547
desconto                            ,         1,        5.0              , 0.00546448087431694
estilo                              ,         1,        5.0              , 0.00546448087431694
afiliada                            ,         1,        5.0              , 0.00546448087431694
comprinhasonline                    ,         1,        5.0              , 0.00546448087431694
afiliadasiniciantes                 ,         1,        5.0              , 0.00546448087431694
confiavel                           ,         1,        5.0              , 0.00546448087431694
quartodemenina                      ,         1,        5.0              , 0.00546448087431694
garotasapoiamgarotas                ,         1,        5.0              , 0.00546448087431694
lancamentos                         ,         1,        5.0              , 0.00546448087431694
comprinhasonlines                   ,         1,        5.0              , 0.00546448087431694
tiktokbr88                          ,         1,       77.0              , 0.005402298850574713
tiktok88                            ,         1,       77.0              , 0.005402298850574713
glassskin                           ,         1,      317.0              , 0.00532824427480916
omg                                 ,         1,    11800.0              , 0.005305833333333333
masyaallahtabarakkallah             ,         1,    11800.0              , 0.005305833333333333
regatinha                           ,         1,     4842.0              , 0.0052945454545454546
regatapoliamida                     ,         1,     4842.0              , 0.0052945454545454546
maangeconcealer                     ,         1,       10.0              , 0.005241090146750524
maangebeauty                        ,         1,       10.0              , 0.005241090146750524
mundorosa                           ,         1,      137.0              , 0.00523972602739726
tiktokshopbr44                      ,         1,      137.0              , 0.00523972602739726
xuxinha                             ,         1,      137.0              , 0.00523972602739726
tiktokshopblackfriday               ,         2,      514.0              , 0.00521146173376859
tiktokshopcybermonday               ,         2,      514.0              , 0.00521146173376859
spotlightfinds                      ,         2,      514.0              , 0.00521146173376859
lipmakeup                           ,         1,     1063.0              , 0.005204034846400734
otwoophbeauty                       ,         1,     1063.0              , 0.005204034846400734
escovamodeladora                    ,         1,       41.0              , 0.005170387779083431
cabelo                              ,         8,     1648.625            , 0.005129168825554848
y2k                                 ,         1,      603.0              , 0.005127298444130127
dicasmake                           ,         1,      507.0              , 0.005125
zizoucosmetique                     ,         1,       24.0              , 0.005060918462980318
maange                              ,         2,    20605.0              , 0.0049375131584816455
news                                ,         1,      417.0              , 0.004896626768226333
glosss                              ,         1,     8223.0              , 0.0048716666666666665
foryo                               ,         1,     8223.0              , 0.0048716666666666665
maisbrilho                          ,         1,        6.0              , 0.004863221884498481
bbcream                             ,         1,       37.0              , 0.004814636494944632
maedemenina                         ,         8,     2127.375            , 0.0048005698800005605
belezatiktok                        ,         2,       13.5              , 0.004681365146481426
luisance                            ,         1,      966.0              , 0.004668989547038328
maangelipstick                      ,         1,    41200.0              , 0.004633936170212766
lipstickrecommendation              ,         1,    41200.0              , 0.004633936170212766
backtoschoolmakeup                  ,         1,    30900.0              , 0.004604305555555556
instantagerewind                    ,         1,    30900.0              , 0.004604305555555556
icon                                ,         1,    30900.0              , 0.004604305555555556
velvetlipstick                      ,         1,      187.0              , 0.0046021505376344085
givenchylipstick                    ,         1,      187.0              , 0.0046021505376344085
sheervelvet                         ,         1,      187.0              , 0.0046021505376344085
bestnudelipstick                    ,         1,      187.0              , 0.0046021505376344085
givenchybeauty                      ,         1,      187.0              , 0.0046021505376344085
bestmattelipproducts                ,         1,      187.0              , 0.0046021505376344085
velvetmattelipstick                 ,         1,      187.0              , 0.0046021505376344085
givenchysheervelvet                 ,         1,      187.0              , 0.0046021505376344085
ofertas                             ,         3,       52.333333333333336, 0.004581498859807242
conceal                             ,         1,      335.0              , 0.004495192307692308
modainfantil                        ,         1,    12600.0              , 0.004481612903225806
kitxuxinhas                         ,         1,    12600.0              , 0.004481612903225806
lacinho                             ,         1,    12600.0              , 0.004481612903225806
blow                                ,         1,        2.0              , 0.004464285714285714
datenightlook                       ,         1,       62.0              , 0.0044
unfrezzmyaccount                    ,         2,     8643.5              , 0.004362267904509284
presilhas                           ,         2,      809.0              , 0.004313061677999259
resenhareal                         ,         1,       16.0              , 0.004303131723643318
skincarebrasil                      ,         1,       25.0              , 0.004271418110812789
pinceisdemaquiagem                  ,         4,      510.5              , 0.004225149586152461
fyyyyyyyy                           ,         1,        7.0              , 0.0041753653444676405
promo                               ,         1,     2536.0              , 0.004120273475652295
criança                             ,         1,     2536.0              , 0.004120273475652295
diadia                              ,         1,     2038.0              , 0.00409292854498334
kitmaquiagem                        ,         2,      274.0              , 0.004019414928505837
laçosdecabelo                       ,         2,     1678.5              , 0.003981264843842773
glossdechocolate                    ,         1,       19.0              , 0.003948199620972836
undereyeconcealer                   ,         1,       13.0              , 0.003938200545289306
lightweight                         ,         1,     2728.0              , 0.003905025357307515
smyvconcealer                       ,         1,     2728.0              , 0.003905025357307515
affordbleconcealer                  ,         1,     2728.0              , 0.003905025357307515
perfectsastudents                   ,         1,     2728.0              , 0.003905025357307515
acnesafeconcealer                   ,         1,     2728.0              , 0.003905025357307515
trendingcincealernow                ,         1,     2728.0              , 0.003905025357307515
standwithkashmir                    ,         1,      107.0              , 0.0039032258064516127
lipstickhacks                       ,         1,      107.0              , 0.0039032258064516127
eyemakeuproutine                    ,         1,      107.0              , 0.0039032258064516127
bridesmaids                         ,         1,      292.0              , 0.0038326446280991734
cleangirllook                       ,         1,       95.0              , 0.003793103448275862
phfinds                             ,         1,       95.0              , 0.003793103448275862
lipstickgoals                       ,         1,       95.0              , 0.003793103448275862
oilyskinroutine                     ,         1,       44.0              , 0.0037704918032786887
beautyreels                         ,         1,       44.0              , 0.0037704918032786887
concealergame                       ,         1,       44.0              , 0.0037704918032786887
tiktokshopviral                     ,         1,        1.0              , 0.0035714285714285713
renovaçãodeprimavera                ,         1,        1.0              , 0.0035714285714285713
glossperfeito                       ,         2,       40.0              , 0.003551402608915907
estrelas                            ,         1,     1015.0              , 0.00349882491186839
tictac                              ,         1,     1015.0              , 0.00349882491186839
vital                               ,         1,     1306.0              , 0.003493946731234867
pinceis                             ,         1,      496.0              , 0.003435655253837072
truquesdemake                       ,         1,      741.0              , 0.0033484349258649094
comopassarbatom                     ,         1,      741.0              , 0.0033484349258649094
truquedemaquiagem                   ,         1,      741.0              , 0.0033484349258649094
maqullage                           ,         1,      741.0              , 0.0033484349258649094
4419755047                          ,         1,        4.0              , 0.003341687552213868
fype                                ,         1,        8.0              , 0.0033076074972436605
comment                             ,         1,        8.0              , 0.0033076074972436605
virul                               ,         1,        8.0              , 0.0033076074972436605
vlog                                ,         1,        8.0              , 0.0033076074972436605
achadinhostiktok                    ,         3,      385.3333333333333  , 0.0032999815735074815
lipstikomg                          ,         1,      199.0              , 0.0032968236582694415
lipstikombre                        ,         1,      199.0              , 0.0032968236582694415
sfxmakeupartist                     ,         1,     1418.0              , 0.003141982395713739
specialeffectsmakeup                ,         1,     1418.0              , 0.003141982395713739
sfxmakeupremoval                    ,         1,     1418.0              , 0.003141982395713739
lipstik                             ,         1,    15300.0              , 0.0030823809523809523
lipstiktahanlama                    ,         1,    15300.0              , 0.0030823809523809523
lipstikwaterproof                   ,         1,    15300.0              , 0.0030823809523809523
imploracosmetics                    ,         1,    15300.0              , 0.0030823809523809523
imperdivel                          ,         2,       34.5              , 0.0030416031284205406
9.9                                 ,         2,       34.5              , 0.0030416031284205406
renovaçãoprimaveril                 ,         2,       34.5              , 0.0030416031284205406
atacadao                            ,         2,       34.5              , 0.0030416031284205406
kitdepinceis                        ,         1,       10.0              , 0.0029985007496251873
wavytalkmaincharacterhair           ,         1,     5069.0              , 0.0029955555555555556
pincel                              ,         1,      918.0              , 0.0026288088642659278
outfit                              ,         1,      918.0              , 0.0026288088642659278
goodthing                           ,         1,       92.0              , 0.002586206896551724
iblush                              ,         1,       61.0              , 0.002578125
trendy                              ,         1,       61.0              , 0.002578125
strawberry                          ,         1,       61.0              , 0.002578125
shiny                               ,         1,       61.0              , 0.002578125
presilhasdecabelo                   ,         4,      598.75             , 0.0024334974708537798
bocabonita                          ,         1,       74.0              , 0.0022395833333333334
usatiktok                           ,         1,    17100.0              , 0.002154022988505747
crescernotiktok                     ,         1,       54.0              , 0.0018208955223880598
babyhair                            ,         1,      599.0              , 0.0015756035578144854
cabelocacheado                      ,         1,      599.0              , 0.0015756035578144854
productreview                       ,         1,        2.0              , 0.001226241569589209
februaryempties                     ,         1,        2.0              , 0.001226241569589209
empties                             ,         1,        2.0              , 0.001226241569589209
glossmel                            ,         1,       91.0              , 0.0011682743837084673
belezabarata                        ,         1,        0.0              , 0.0
